sub,cong_cons,cong_ctrl,cong_incons,incong_cons,incong_ctrl,incong_incons,consistent_caused,consistent_control,consistent_predict,control_caused,control_control,control_predict,inconsistent_caused,inconsistent_control,inconsistent_predict,Age,Sex,Handedness,mean_initiation_time
4,422.04,428.6538461538461,442.1764705882353,447.875,450.0769230769231,449.9285714285714,4.4375,4.25,6.375,2.9375,3.125,4.625,3.125,3.1875,3.25,19,female,right,321.6530612244898
5,497.3448275862069,465.962962962963,526.0526315789474,530.375,481.8518518518518,518.84375,4.125,4.0625,6.0,1.1875,1.4375,3.375,1.125,1.1875,2.0,19,female,right,405.5596330275229
7,523.8181818181819,542.2222222222222,588.4642857142857,585.7037037037037,552.84,555.5454545454545,4.375,1.625,3.8125,1.0,1.0,1.0,5.4375,1.4375,1.4375,19,female,right,439.3714285714286
9,516.0,530.4444444444445,593.952380952381,560.6923076923077,629.6818181818181,592.0370370370371,6.5,3.6875,4.25,5.1875,1.625,2.6875,6.1875,1.25,1.625,22,female,right,282.46
11,442.8260869565217,430.56,412.6666666666667,443.4166666666667,504.6190476190476,429.8260869565217,6.0,5.9375,6.125,1.5625,1.1875,1.8125,3.625,3.5625,2.625,21,male,right,579.7326732673267
13,433.1428571428572,440.0,406.84,462.0416666666667,440.5185185185185,432.962962962963,6.6875,1.6875,6.375,1.25,1.375,4.9375,6.9375,1.125,1.1875,19,female,right,396.688679245283
14,493.8571428571428,522.6296296296297,533.5666666666667,520.0645161290323,516.28,528.375,6.1875,5.9375,4.875,1.0,1.0,1.0,5.5,3.625,5.0,19,female,right,355.6964285714286
16,477.962962962963,533.8461538461538,457.68,484.8,521.5454545454545,499.3703703703704,3.9375,3.875,3.875,2.6875,1.375,1.9375,3.5625,3.4375,4.0,20,male,right,423.4234234234234
20,531.52,631.625,534.2083333333334,562.16,651.16,561.7307692307693,6.75,6.4375,6.8125,1.0,1.0,3.5,3.5625,2.5,1.6875,19,female,right,682.0
22,526.72,564.88,522.9230769230769,598.36,568.76,560.9642857142857,3.1875,4.125,3.0625,1.1875,1.0,1.0,3.3125,3.875,2.8125,24,female,right,326.5090909090909
24,548.5454545454545,494.7,527.8421052631579,525.4814814814815,536.4347826086956,555.4193548387096,6.625,6.625,5.875,1.0,1.0,1.0,1.0,1.0,1.0,22,female,right,380.3461538461539
25,612.16,648.84,558.6666666666666,569.4782608695652,672.2727272727273,582.2272727272727,6.4375,1.25,1.125,1.375,1.0,1.0,6.625,1.0,1.0,22,female,right,707.77
26,381.5,393.5925925925926,378.92,411.5925925925926,420.5,389.6538461538461,5.1875,5.0625,5.0625,1.0,1.0,2.25,1.0625,1.0625,1.3125,22,male,right,249.1588785046729
27,503.6956521739131,585.3076923076923,507.2608695652174,477.0869565217391,560.68,483.2,6.1875,2.375,3.3125,2.8125,1.375,3.25,5.875,1.375,1.625,28,female,right,1365.616161616162
28,384.5555555555555,398.76,413.0909090909091,412.2352941176471,410.3076923076923,412.9032258064516,7.0,7.0,7.0,1.375,1.375,1.375,1.0,1.0,1.0,22,male,right,302.4684684684685
29,467.3571428571428,491.0384615384615,465.6875,459.625,555.8846153846154,539.9545454545455,7.0,6.4375,6.5,1.0,1.0,2.3125,1.0,1.0,2.4375,25,male,right,1180.727272727273
30,511.1538461538461,484.8571428571428,504.9166666666667,478.6086956521739,476.9090909090909,514.125,5.1875,5.25,5.1875,2.5,2.5,2.5,3.0,3.0,3.0,18,male,right,513.2403846153846
31,473.0416666666667,495.625,493.44,427.08,471.1304347826087,564.76,6.0,2.0,3.125,2.1875,2.0,2.125,5.5625,2.0,2.625,22,female,left,267.9716981132075
32,528.56,491.0,578.3913043478261,542.96,506.28,569.9642857142857,4.5625,2.375,2.375,1.9375,1.9375,2.3125,4.625,2.5625,2.5,23,female,right,399.7090909090909
33,386.0344827586207,380.6428571428572,402.4642857142857,394.9166666666667,429.2592592592592,395.9565217391304,6.625,6.125,5.3125,1.1875,1.0,1.875,5.8125,2.8125,3.1875,27,female,right,289.9816513761468
34,343.1904761904762,339.9230769230769,357.2592592592592,374.16,383.3478260869565,343.6818181818182,5.6875,2.9375,3.9375,1.125,1.0,4.0625,5.125,1.9375,3.5,18,male,right,263.4081632653061
35,419.0,422.9259259259259,468.8846153846154,429.6956521739131,479.375,478.08,6.0,3.5625,5.6875,1.9375,1.9375,4.625,6.0625,2.1875,5.5,19,female,left,288.5462962962963
36,478.0952380952381,478.1739130434783,445.5,490.3103448275862,469.4347826086956,494.5,5.875,5.6875,5.0,1.375,1.25,2.5,5.1875,4.3125,3.25,21,female,left,576.5436893203884
37,659.6296296296297,704.75,656.4074074074074,651.04,690.72,631.08,3.9375,3.9375,3.9375,4.0625,4.0625,4.0625,3.5625,3.4375,3.5,21,female,right,340.4036697247706
38,532.2083333333334,634.2692307692307,533.2,614.448275862069,556.5185185185185,495.0,6.75,3.5,3.6875,1.0,1.0,2.8125,6.625,3.0,3.125,20,female,right,515.9909090909091
39,469.8260869565217,591.0909090909091,533.6666666666666,502.7692307692308,617.5384615384615,482.962962962963,6.375,6.3125,6.5,1.0,1.0,1.0,1.125,1.125,1.125,21,female,right,353.078431372549
41,657.44,572.304347826087,701.0,660.7857142857143,555.1363636363636,649.8846153846154,6.5625,6.375,5.875,1.125,1.375,2.625,5.75,2.4375,3.625,21,female,right,523.074074074074
42,596.25,569.8947368421053,603.5555555555555,578.2727272727273,581.6190476190476,608.8695652173913,5.6875,5.6875,5.125,1.0,1.125,1.0625,6.25,6.125,5.6875,25,female,right,632.1862745098039
43,399.3461538461539,402.625,389.28,439.16,483.375,417.3846153846154,5.875,5.625,3.4375,1.75,1.6875,1.75,3.8125,2.8125,2.4375,35,female,right,1027.283018867925
44,480.0,479.5925925925926,484.9615384615385,508.2692307692308,492.8846153846154,483.7692307692308,6.5625,2.8125,6.625,3.5625,2.625,3.875,4.75,2.375,4.0,45,female,right,566.3873873873874
46,532.3333333333334,599.6521739130435,541.5833333333334,537.0,616.7727272727273,579.1153846153846,5.3125,5.25,5.3125,5.125,5.125,5.125,5.25,5.25,5.125,19,female,right,909.2095238095238
47,422.2916666666667,475.0740740740741,471.8260869565217,460.551724137931,475.5769230769231,462.0,6.4375,5.3125,5.5625,1.0,1.0,4.5,5.3125,1.8125,4.75,18,female,right,410.5982142857143
48,492.1111111111111,475.4814814814815,452.1481481481482,501.0740740740741,502.12,515.6296296296297,2.125,3.0625,4.8125,2.0625,1.9375,3.5625,1.8125,1.875,1.8125,19,female,left,503.0446428571428
49,569.7142857142857,587.12,594.3333333333334,599.4736842105264,655.2916666666666,553.0,6.6875,5.25,3.9375,1.6875,1.8125,2.0,6.75,2.125,2.125,21,female,right,590.7244897959183
50,399.88,434.0,401.2903225806452,434.0,433.5925925925926,427.6190476190476,7.0,7.0,7.0,1.0,1.0,3.5,6.75,1.0,1.0,30,male,right,329.8165137614679
51,628.1034482758621,811.7037037037037,621.8571428571429,627.3636363636364,723.7391304347826,655.1935483870968,6.375,6.375,5.75,1.3125,1.0,1.625,6.0625,5.9375,4.75,39,female,right,1058.091743119266
52,423.9285714285714,462.0,443.125,420.5833333333333,490.6923076923077,432.5555555555555,7.0,1.1875,2.1875,1.0,1.0,1.375,6.625,1.0,1.0,22,female,right,565.8130841121496
53,425.3913043478261,488.75,458.7407407407408,455.1538461538461,448.4230769230769,442.6666666666667,4.9375,4.875,5.375,1.1875,1.125,4.1875,1.9375,2.0,4.0625,20,male,right,408.254716981132
54,599.1666666666666,640.2962962962963,654.76,627.3571428571429,627.8461538461538,594.44,7.0,4.5625,5.875,1.0,1.0,4.0,5.9375,1.375,2.875,19,female,right,317.4622641509434
55,641.2105263157895,550.28,586.84,656.1,625.08,634.1428571428571,5.0,1.125,2.25,1.0625,1.0,1.0,6.25,1.375,1.0,20,female,right,580.4554455445544
