sub,cong_cons,cong_ctrl,cong_incons,incong_cons,incong_ctrl,incong_incons,consistent_caused,consistent_control,consistent_predict,control_caused,control_control,control_predict,inconsistent_caused,inconsistent_control,inconsistent_predict,Age,Sex,Handedness,mean_initiation_time,gaze_effect_cons,gaze_effect_incons,gaze_effect_ctrl,mean_initiation_time_centered,d_cons,d_incons,d_ctrl,cong_cons_bin1,cong_cons_bin2,cong_cons_bin3,cong_cons_bin4,cong_cons_bin5,cong_incons_bin1,cong_incons_bin2,cong_incons_bin3,cong_incons_bin4,cong_incons_bin5,cong_ctrl_bin1,cong_ctrl_bin2,cong_ctrl_bin3,cong_ctrl_bin4,cong_ctrl_bin5,incong_cons_bin1,incong_cons_bin2,incong_cons_bin3,incong_cons_bin4,incong_cons_bin5,incong_incons_bin1,incong_incons_bin2,incong_incons_bin3,incong_incons_bin4,incong_incons_bin5,incong_ctrl_bin1,incong_ctrl_bin2,incong_ctrl_bin3,incong_ctrl_bin4,incong_ctrl_bin5
1,424.0,447.0,449.0454545454546,456.3703703703704,482.88,413.7931034482759,3.1875,1.5625,3.9375,1.0,1.0,3.0625,2.6875,1.1875,3.875,20,female,right,520.9722222222222,32,-35,36,-124.57015071155388,0.5247822423962634,-0.6148985265864129,0.41325144575008405,336.0,377.2,425.6,462.6,518.6,392.6,423.0,442.25,471.0,514.2,347.8,420.6,446.6,474.4,545.6,384.5,424.4,458.0,488.2,527.0,340.0,365.8333333333333,409.4,444.8333333333333,508.1666666666667,347.4,442.0,476.8,518.6,629.6
2,521.25,533.36,583.92,601.4827586206897,538.9615384615385,524.5384615384615,1.3125,1.125,2.0,1.0,1.0,1.375,1.3125,1.9375,1.625,21,female,right,771.9633027522935,80,-59,6,126.4209298185175,1.0669347825781528,-0.7679216887645772,0.049141753780432444,443.6,476.2,510.75,566.2,607.4,473.2,538.6,575.6,615.0,717.2,397.2,466.2,504.0,567.2,732.2,507.0,562.1666666666666,579.6,617.1666666666666,737.8333333333334,444.6666666666667,486.6,516.0,569.4,622.0,410.6666666666667,478.2,544.6,602.6,684.4
3,419.0,485.0769230769231,410.32,477.52,474.4230769230769,454.5555555555555,6.125,6.1875,6.0,1.75,1.6875,4.6875,2.375,2.5,3.0625,19,female,right,505.3981481481482,59,44,-11,-140.14422478562784,0.7246657468911262,0.5964850081066944,-0.12023520733493183,320.0,379.8,413.8,467.8,514.3333333333334,336.4,386.6,413.0,437.0,478.6,370.3333333333333,437.8,471.8,541.6,626.8,355.6,434.6,484.4,514.4,598.6,349.1666666666667,412.0,442.2,486.6,579.0,372.3333333333333,450.8,480.8,506.4,582.2
4,451.2962962962963,413.92,461.4230769230769,481.9259259259259,411.8461538461539,432.4642857142857,2.5,2.3125,5.25,2.375,2.3125,5.0,2.75,2.25,4.6875,21,male,left,585.0089285714286,31,-29,-2,-60.533444362347495,0.48182987315993436,-0.560581183375872,-0.03668894677516348,391.1666666666667,412.8,448.2,473.0,528.0,403.6666666666667,436.6,463.6,483.2,531.6,346.8,364.6,405.0,447.2,506.0,388.6666666666667,443.4,483.8,514.0,579.0,360.0,399.4,427.5,463.4,511.6666666666667,357.0,381.6,411.2,440.2,480.2
5,453.1904761904762,562.7916666666666,453.1,457.24,515.7307692307693,459.4137931034483,6.9375,6.625,6.5625,1.0,1.0,2.5,7.0,2.875,2.6875,21,female,right,747.29,4,6,-47,101.74762706622391,0.03587592040624181,0.06360320310995357,-0.36133158030569834,313.4,389.0,453.75,525.0,619.75,343.5,408.75,432.75,497.5,583.0,354.0,459.0,566.75,633.6,801.4,321.8,399.0,436.2,490.8,638.4,332.6666666666667,393.1666666666667,444.2,506.5,618.0,392.6666666666667,487.8,522.4,567.0,633.4
6,497.5217391304348,491.16,474.4444444444445,531.4,549.5769230769231,501.9130434782609,2.0,2.0625,3.9375,2.125,2.0625,4.5,2.0,1.9375,4.5625,21,female,right,942.0095238095238,34,27,58,296.46715087574773,0.31943331320269225,0.3608667594738136,0.5181217676505977,354.2,428.0,502.8,578.75,626.2,369.5,448.2,477.8,516.2,563.6666666666666,340.6,444.2,490.2,532.6,648.2,386.2,466.2,536.6,583.0,685.0,396.6,461.0,508.4,551.5,593.8,399.8333333333333,484.4,554.6,621.8,717.2
7,390.15,393.5416666666667,409.6785714285714,368.8181818181818,459.64,407.6521739130435,2.125,2.0625,1.875,1.9375,1.5,2.0625,2.6875,2.5625,2.6875,22,male,right,910.7878787878788,-21,-2,66,265.2455058541027,-0.32960489964598827,-0.025094322719459747,0.7044660788922196,320.25,353.0,378.25,419.5,479.75,312.0,354.6,395.6666666666667,452.8,531.3333333333334,303.8,353.6,368.25,420.4,516.6,302.2,339.75,360.75,375.0,460.2,324.2,359.5,384.4,434.25,531.6,354.6,399.2,434.8,496.2,613.4
8,418.5185185185185,458.5217391304348,450.2777777777778,438.2692307692308,484.0,426.3611111111111,4.3125,5.4375,4.4375,3.3125,5.0625,3.625,3.4375,5.0,3.25,20,male,right,594.9464285714286,20,-24,25,-50.595944362347495,0.3716408932992831,-0.4121656118155703,0.30713934073087723,364.6666666666667,396.0,417.8,445.4,469.3333333333333,381.75,410.6666666666667,441.25,489.3333333333333,528.25,343.6,416.25,455.6,484.25,589.6,366.5,405.8,428.0,464.4,541.0,353.625,392.42857142857144,423.14285714285717,460.0,513.0,392.6666666666667,450.0,484.6,519.0,592.0
9,655.875,674.56,599.5384615384615,660.4285714285714,633.7,680.3913043478261,2.0625,5.6875,2.75,2.375,4.9375,3.5,1.875,4.9375,4.4375,26,female,right,691.8095238095239,5,81,-41,46.2671508757478,0.02589180133950839,0.41589118568233663,-0.24478812209868558,428.6,543.0,631.25,755.4,916.2,421.1666666666667,482.8,556.4,692.8,880.2,487.6,529.4,605.8,766.8,983.2,452.6666666666667,528.6,655.5,756.4,903.0,425.6,521.75,661.2,793.75,990.6,485.5,541.5,593.5,700.0,848.0
12,715.75,617.0769230769231,683.6190476190476,768.5833333333334,663.4090909090909,716.7,3.375,3.0625,3.75,2.875,2.5625,3.875,2.75,2.5,3.1875,21,female,right,1567.619047619048,53,33,46,922.0766746852719,0.36484044955169287,0.17251244588050038,0.26858818955943603,519.75,677.25,710.75,777.0,894.0,481.2,601.75,700.75,778.75,906.25,378.0,502.0,589.8,741.4,922.0,572.6,701.2,762.0,819.4,986.4,466.3333333333333,588.0,704.3333333333334,768.1666666666666,1056.6666666666667,479.2,609.5,687.0,740.25,810.4
13,485.0,428.3928571428572,510.8846153846154,489.9166666666667,449.375,541.7037037037037,3.4375,3.625,5.125,2.625,2.3125,2.875,2.9375,3.0,3.625,27,male,right,662.072072072072,5,31,21,16.529699138295996,0.054606116564981946,0.25975525592469,0.2996261083987253,371.6666666666667,450.3333333333333,479.4,524.5,598.1666666666666,416.5,480.0,510.4,559.2,607.2,331.0,391.0,433.6666666666667,475.8,512.1666666666666,350.8,449.8,494.0,525.2,630.6,388.6666666666667,456.4,509.0,559.6,778.1666666666666,375.8,407.2,430.0,464.8,565.2
16,477.4333333333333,511.5217391304348,560.0952380952381,528.5652173913044,541.9285714285714,449.0333333333334,2.75,2.8125,2.6875,1.0625,1.0625,1.125,2.3125,2.3125,2.4375,31,female,right,795.8288288288288,51,-111,30,150.28645589505277,0.5782231655572742,-1.9222049009186937,0.347946858105871,340.1666666666667,433.0,489.6666666666667,527.8333333333334,596.5,482.8,535.25,551.25,601.75,648.75,388.8,461.5,518.6,581.25,611.4,418.4,479.25,526.6,576.0,642.2,362.6666666666667,423.5,460.0,481.3333333333333,517.6666666666666,434.6666666666667,483.4,539.1666666666666,575.0,673.1666666666666
17,392.21875,400.9230769230769,409.5172413793103,428.0909090909091,419.4782608695652,377.1363636363636,3.0,3.0,3.125,1.9375,1.9375,2.25,2.375,2.125,2.3125,25,female,right,395.0740740740741,36,-32,19,-250.46829885970197,0.505305982071679,-0.5217961853900301,0.24301135136971722,293.57142857142856,352.8333333333333,389.6666666666667,435.0,490.14285714285717,332.6666666666667,380.5,405.0,436.6666666666667,492.0,299.0,369.0,405.8,455.0,496.2,353.8,382.25,413.0,456.25,528.6,295.4,332.5,372.75,411.25,470.8,322.8,376.0,410.2,452.5,533.8
18,387.0344827586207,414.375,410.0,402.64,454.0384615384615,405.4444444444445,2.5625,2.6875,2.375,1.75,2.125,1.875,2.4375,2.6875,2.4375,23,male,right,331.4311926605504,16,-5,40,-314.11118027322567,0.25200798079139125,-0.0688409710185237,0.4100688954338088,292.0,356.3333333333333,402.0,424.3333333333333,463.0,336.8,377.5,403.2,441.5,490.8,309.2,360.4,413.0,465.8,523.2,327.8,359.6,392.8,442.2,490.8,304.5,363.6,426.0,440.6,494.8333333333333,318.8333333333333,401.8,439.2,519.6,617.8
19,383.6521739130435,392.5652173913044,389.3,399.1481481481482,420.3461538461539,364.0689655172414,3.375,3.4375,3.375,1.8125,1.75,1.75,3.0625,3.1875,3.5625,22,female,right,286.4857142857143,15,-25,28,-359.0566586480617,0.2709618683247525,-0.43949646525970276,0.44522335149366593,288.4,352.75,392.0,429.5,458.6,311.25,359.5,387.5,418.25,470.0,320.2,354.5,390.8,417.5,477.2,338.5,375.0,390.6,421.0,468.8333333333333,287.5,336.1666666666667,362.6,387.6666666666667,446.1666666666667,337.6666666666667,378.6,421.6,468.4,512.0
20,498.16,436.3461538461539,533.8461538461538,458.6,440.0,417.3,1.125,1.0,3.5,1.0,1.25,4.125,1.125,1.125,3.75,19,female,right,574.5148514851485,-40,-117,4,-71.02752144862757,-0.4574089535681726,-1.4156035439989765,0.04375408812674186,416.8,471.8,499.2,525.2,577.8,408.1666666666667,482.2,552.2,597.0,654.8,322.0,406.4,441.2,474.8,560.2,329.0,392.8,436.8,512.0,622.4,331.75,380.5,411.75,451.25,511.25,342.4,378.5,434.4,493.75,549.4
22,337.8928571428572,432.1363636363636,397.9333333333333,376.9545454545454,413.6086956521739,353.3809523809524,3.5625,3.3125,3.75,2.0,1.9375,1.9375,3.375,3.4375,3.375,23,male,right,514.6981132075472,39,-45,-19,-130.84425972622887,0.6011215378254097,-0.7046348752955739,-0.1783294091230822,240.83333333333334,286.2,339.0,388.6,434.6666666666667,329.5,353.5,389.0,435.3333333333333,482.3333333333333,305.0,368.0,413.0,458.75,604.6,320.4,344.0,372.0,395.75,448.8,272.6,316.75,342.25,398.0,457.5,322.0,369.25,397.6,445.0,531.6
23,497.7142857142857,455.5,505.8846153846154,488.3448275862069,505.6,511.4074074074074,5.875,5.8125,5.9375,3.125,1.0,4.0625,1.875,2.125,1.9375,23,female,right,621.3211009174312,-9,6,50,-24.22127201634487,-0.1267540217334386,0.07832288921447633,0.515058221488406,388.8,468.5,515.25,539.0,604.25,422.0,453.4,505.8,561.6,603.4,313.8333333333333,395.6,480.0,515.0,601.4,394.1666666666667,452.3333333333333,479.4,525.8333333333334,588.5,398.1666666666667,508.2,533.8,546.0,579.8333333333334,387.0,452.4,502.0,566.0,620.6
25,474.962962962963,483.037037037037,470.5925925925926,472.2307692307692,490.0,465.3913043478261,2.125,4.125,3.125,1.9375,4.1875,1.6875,1.75,4.0625,2.75,24,female,right,406.9907407407408,-3,-5,7,-238.55163219303523,-0.050656237462167665,-0.08878937825423694,0.13687779052983676,406.6666666666667,447.6,466.6,507.6,545.8333333333334,398.1666666666667,433.8,461.8,497.6,558.5,423.5,462.4,485.4,502.6,541.5,400.8333333333333,451.4,467.4,502.8,553.0,400.8,447.25,465.4,488.5,526.0,424.6666666666667,459.6,476.2,510.4,575.1666666666666
27,454.2222222222222,486.0,443.1923076923077,439.7692307692308,489.1153846153846,458.3703703703704,4.875,4.6875,4.6875,4.0625,4.125,4.1875,4.0625,4.0625,4.4375,21,female,right,452.7589285714286,-14,15,3,-192.78344436234744,-0.1881834111604894,0.2222726707391775,0.03625619630006173,349.5,395.0,435.4,496.8,588.5,375.3333333333333,414.2,445.4,470.2,524.4,378.4,420.0,459.0,523.0,649.6,367.8333333333333,410.2,437.2,482.4,515.6,359.5,416.2,456.6,491.6,566.1666666666666,403.8333333333333,455.4,492.0,528.2,583.2
28,430.9285714285714,463.2307692307692,440.75,445.1666666666667,478.8461538461539,418.6363636363636,3.0625,3.0625,3.0625,2.6875,2.9375,2.8125,2.9375,2.9375,2.9375,25,female,right,423.9633027522936,14,-22,16,-221.57907018148245,0.20447277128514135,-0.29278760507982243,0.15461989480643262,324.0,375.6,427.5,477.0,549.0,353.0,408.0,417.5,450.4,571.0,342.0,402.6,459.0,503.0,633.8,386.4,423.8,440.75,469.2,504.8,354.0,398.0,419.75,435.5,485.4,383.1666666666667,419.0,454.2,525.6,631.4
29,601.76,610.0,624.9230769230769,675.4230769230769,600.8148148148148,619.1111111111111,1.375,1.375,1.375,1.0625,1.1875,2.3125,1.875,1.5,2.9375,45,female,right,857.6454545454545,74,-6,-9,212.10308161167848,0.6119268122253615,-0.05484870088950475,-0.08914244122744804,502.4,563.2,594.8,638.0,710.4,510.6666666666667,574.0,632.6,663.4,766.8,472.8,520.8,603.6,687.8,765.0,496.6666666666667,576.8,677.0,753.2,909.2,480.8333333333333,564.2,586.2,662.0,794.8333333333334,493.6666666666667,549.2,575.8,637.2,741.5
30,670.7333333333333,664.48,705.125,704.9166666666666,679.8148148148148,647.6428571428571,3.75,3.8125,3.0,1.0625,1.1875,3.5625,3.6875,3.625,2.1875,19,female,right,759.0727272727273,34,-57,15,113.53035433895127,0.32910287082534795,-0.495258624531369,0.13176259416108932,526.1666666666666,604.0,660.1666666666666,747.3333333333334,816.0,541.6,625.6,666.75,753.4,930.6,523.6,578.2,650.6,729.2,840.8,589.0,661.2,682.5,738.4,849.0,515.6666666666666,608.2,659.5,703.6,754.0,528.5,636.0,675.8,726.8,831.8333333333334
33,598.8695652173913,646.7692307692307,593.1923076923077,634.0909090909091,657.2083333333334,643.5909090909091,6.4375,1.125,5.3125,1.0,1.0,5.125,5.6875,1.75,2.75,19,female,right,1031.592233009709,35,50,10,386.0498600759329,0.3044345458862275,0.44031586233875486,0.07355575898952049,447.4,549.5,599.2,645.0,752.6,475.5,525.4,558.2,600.6,829.8,476.8333333333333,541.8,626.6,758.2,864.4,518.8,556.0,595.0,646.5,833.2,544.4,598.75,634.25,669.75,765.2,516.2,573.4,615.75,712.8,859.6
41,496.8666666666667,545.0,585.6153846153846,616.6428571428571,647.3333333333334,475.0,1.625,1.625,1.625,1.0,1.0,1.0,1.6875,1.6875,1.6875,24,female,right,540.242718446602,120,-111,102,-105.29965448717405,1.1362406976437658,-0.9332746586038109,0.6866661437646592,340.6666666666667,438.3333333333333,502.0,567.0,636.3333333333334,393.0,519.6,594.0,670.4,789.6,392.0,466.2,516.75,601.4,743.0,485.3333333333333,536.6666666666666,635.0,691.3333333333334,741.0,368.8333333333333,424.2,485.8,530.2,587.2,437.5,568.0,639.8,695.2,889.6666666666666
42,489.3125,489.7307692307692,556.4814814814815,532.3181818181819,542.5185185185185,448.5769230769231,5.9375,5.9375,5.9375,1.625,1.625,1.625,3.75,3.75,3.75,22,female,right,513.2232142857143,43,-108,53,-132.31915864806172,0.46120305349388524,-0.9608558689367667,0.37091716517349277,389.7142857142857,452.0,475.8333333333333,515.3333333333334,610.1428571428571,403.0,457.0,516.4,656.8,742.6666666666666,348.1666666666667,426.8,474.6,531.4,696.0,415.6,454.75,526.25,565.0,689.8,354.1666666666667,412.0,444.6,487.8,563.2,391.8333333333333,449.0,484.6,569.8,796.6666666666666
43,598.9285714285714,637.9230769230769,647.75,679.304347826087,677.5652173913044,656.9666666666667,3.8125,3.8125,4.375,1.0625,1.0,1.5,2.3125,2.3125,2.625,21,female,right,896.622641509434,80,9,40,251.0802685756579,0.6548598161531138,0.08140084433902185,0.4196336697521957,455.8333333333333,514.6,560.1666666666666,667.2,794.1666666666666,518.25,573.0,621.75,709.5,816.25,518.1666666666666,599.0,633.0,677.8,785.6,530.6,607.5,680.6,748.25,829.0,520.3333333333334,606.6666666666666,638.6666666666666,690.5,828.6666666666666,561.6,627.75,667.6,715.25,813.2
44,420.5925925925926,454.2307692307692,433.8518518518518,491.4074074074074,470.6,443.52,6.25,3.75,6.25,1.625,1.625,3.875,4.5,1.5625,2.1875,20,male,right,427.9375,71,10,16,-217.60487293377605,0.9442701100329739,0.15952752015404764,0.24640051461530474,343.6666666666667,387.0,409.2,436.4,521.8333333333334,339.8333333333333,401.0,438.4,463.6,526.6666666666666,379.5,430.8,454.0,481.0,540.8,392.6666666666667,442.2,480.0,529.0,609.3333333333334,385.6,412.8,432.4,471.4,515.4,387.8,430.4,452.2,491.2,591.4
45,609.75,558.2173913043479,583.4583333333334,564.05,637.55,587.25,5.125,6.625,5.3125,5.0625,5.875,5.4375,5.375,5.75,4.875,24,male,right,811.3,-46,4,79,165.7576270662239,-0.34013874138465555,0.02623459631587675,0.5906844377633297,424.5,508.2,580.8333333333334,707.6,827.0,423.4,495.4,545.0,614.0,831.8,412.6,475.5,517.8,632.25,751.2,431.5,518.5,552.0,590.0,728.25,438.8,518.6,557.5,603.2,812.2,462.25,551.5,635.5,705.25,833.25
46,450.7037037037037,503.84,493.6666666666667,516.3214285714286,512.7407407407408,485.0740740740741,1.375,1.375,1.375,1.0625,1.0625,1.0625,1.75,1.75,1.75,22,female,right,491.1071428571428,66,-9,9,-154.43523007663327,0.725617531498839,-0.08702040891447572,0.08990238619109751,332.3333333333333,382.0,453.8,500.6,582.1666666666666,402.0,438.6,486.2,524.6,611.6666666666666,374.0,425.2,489.4,565.4,665.2,413.0,455.0,508.6666666666667,565.4,637.5,327.0,442.6,499.2,542.2,619.1666666666666,392.1666666666667,458.0,527.0,557.4,629.8333333333334
47,585.1904761904761,614.8636363636364,575.9565217391304,555.8888888888889,617.44,511.2916666666667,4.9375,5.5,5.125,5.3125,6.0,4.9375,4.375,5.6875,4.9375,26,female,right,615.1287128712871,-29,-65,3,-30.41366006248893,-0.21791061306401469,-0.4930763916133594,0.018922324465968927,403.0,481.25,580.75,665.5,841.0,417.0,442.0,553.0,667.5,791.8,445.8,562.0,617.75,673.0,777.4,423.8333333333333,489.0,549.4,604.4,708.6666666666666,399.4,445.4,482.5,558.2,665.2,426.8,535.0,621.6,681.2,822.6
48,701.1111111111111,762.0909090909091,614.9166666666666,711.7916666666666,797.2083333333334,722.28,6.625,6.25,1.375,1.0,1.0,1.0,6.25,2.125,1.0,31,male,left,778.2924528301887,11,107,35,132.75007989641267,0.059221998891977295,0.766129963636509,0.17091665062275027,495.0,587.6,689.4,790.8,936.8333333333334,458.8,560.0,612.25,648.0,795.0,567.6,650.25,735.25,859.0,990.0,494.0,617.2,675.5,739.6,1025.4,521.6,611.4,738.6,803.4,936.4,476.6,644.6,836.75,923.6,1112.4
49,482.7083333333333,491.8888888888889,496.24,475.56,497.3333333333333,488.6296296296296,3.375,5.6875,5.0625,1.8125,4.9375,2.5,2.9375,5.5,2.5,21,female,right,509.2336448598131,-7,-8,5,-136.30872807396293,-0.12132362782641354,-0.12032906016409317,0.061152256554311855,398.6,457.4,483.0,509.8,564.8,397.0,457.4,498.8,534.6,593.4,356.6666666666667,428.2,505.8,551.0,619.3333333333334,403.4,447.2,463.8,502.6,560.8,414.1666666666667,463.0,488.0,515.6,562.5,396.1666666666667,470.6,492.2,531.8,596.3333333333334
50,409.037037037037,466.2962962962963,428.8846153846154,465.24,456.125,434.2857142857143,3.9375,4.8125,2.75,1.375,1.3125,1.3125,1.5,1.5,1.0,20,female,right,404.3423423423424,56,5,-10,-241.20003059143363,0.7607570899302987,0.06917924846233797,-0.11334382546122493,328.1666666666667,360.2,410.8,444.4,499.6666666666667,339.8333333333333,393.4,422.4,474.6,532.0,350.3333333333333,419.2,449.6,507.4,601.1666666666666,380.2,426.8,441.6,486.4,591.2,333.1666666666667,377.6,424.5,483.0,551.8333333333334,366.4,404.0,452.75,490.4,566.4
52,461.4615384615385,456.76,492.5,496.2173913043478,473.6666666666667,511.9565217391304,4.75,4.9375,4.75,4.125,3.875,5.625,3.5625,3.0625,3.6875,22,female,right,1219.0,35,19,17,573.457627066224,0.40936076886591327,0.1693945396894571,0.2159413728048313,347.5,415.8,470.0,531.6,565.2,322.0,437.5,507.0,559.5,636.5,344.4,417.6,476.0,506.4,539.4,386.2,452.75,491.4,533.5,616.0,335.8,451.0,547.2,575.75,650.6,372.5,428.8,466.0,509.0,589.1666666666666
54,447.8,487.1481481481482,527.0952380952381,497.6333333333333,555.8518518518518,479.8787878787879,1.3125,1.25,1.375,1.0,1.0,1.0625,2.3125,2.5,2.625,31,female,right,421.2636363636364,50,-47,69,-224.27873657013964,0.8480141311002074,-0.5216109704780308,0.7240174661204446,372.5,397.75,453.75,476.5,538.5,422.0,461.5,488.75,577.0,712.5,374.8333333333333,452.0,487.4,510.0,609.5,424.5,461.6666666666667,493.3333333333333,535.0,573.6666666666666,378.85714285714283,440.8333333333333,475.0,530.6666666666666,575.7142857142857,461.0,493.2,522.2,571.6,717.8333333333334
55,507.5909090909091,543.84,526.6666666666666,554.5357142857143,551.12,497.1666666666667,1.0,1.0,1.0,1.0625,1.0625,1.0625,1.9375,1.875,1.8125,24,female,right,524.7428571428571,47,-29,7,-120.79951579091892,0.4555314298895093,-0.3682695448557625,0.06981119408827915,409.6,452.25,508.25,552.75,613.2,421.4,467.6,516.25,566.8,659.2,427.8,475.0,502.4,571.8,742.2,416.1666666666667,467.6,551.1666666666666,603.6,727.8333333333334,420.8,460.2,491.75,525.6,586.4,443.2,496.6,539.4,601.0,675.4
56,495.52,587.2692307692307,592.0,515.0344827586207,578.08,507.7037037037037,2.375,2.3125,2.9375,1.5625,1.625,2.125,2.1875,2.0625,2.4375,24,male,right,560.8348623853211,20,-84,-9,-84.70751054845493,0.2188616632916396,-0.7478813191164064,-0.08301678577089526,401.6,437.0,473.4,510.8,654.8,427.2,495.0,609.6,655.75,765.8,462.6666666666667,528.0,559.0,614.2,797.4,415.0,461.1666666666667,513.0,553.1666666666666,632.5,404.1666666666667,456.6,498.2,524.8,647.5,467.8,513.2,567.8,621.6,720.0
57,520.4761904761905,501.96,532.5384615384615,552.0,593.4,519.5,3.8125,3.75,3.6875,2.0,1.9375,2.0,3.1875,3.125,3.1875,28,female,right,514.9591836734694,32,-13,91,-130.58318926030665,0.2557890824175995,-0.10601030558555462,0.8615155212994111,377.0,478.5,503.75,572.25,706.75,378.6666666666667,448.2,544.0,613.4,709.2,368.0,442.6,492.0,549.6,657.6,408.0,511.6,528.0,555.4,752.2,396.6,450.0,495.25,555.75,688.4,485.25,530.25,574.25,623.75,753.5
58,461.0769230769231,480.4347826086956,480.1481481481482,474.5416666666667,478.5,461.5185185185185,1.3125,3.6875,1.6875,1.5,3.875,1.375,1.125,4.375,1.1875,23,male,right,442.7614678899083,13,-19,-2,-202.78090504386773,0.25346423680659563,-0.3125998252375209,-0.041146340615729055,406.3333333333333,443.6,462.8,481.6,522.0,404.5,445.4,465.4,517.2,566.1666666666666,422.4,460.25,477.8,505.25,537.4,403.4,438.0,462.75,496.6,569.6,381.0,436.6,471.4,498.0,524.1666666666666,421.6666666666667,447.2,476.6,502.8,555.6
59,560.4782608695652,525.8076923076923,512.9354838709677,576.9354838709677,536.1538461538462,503.4285714285714,3.875,3.9375,3.8125,2.0625,2.0625,2.8125,4.75,4.6875,4.5625,20,female,right,487.8648648648648,16,-10,10,-157.67750806891127,0.12272774567988771,-0.10812039066699192,0.09657505397072894,374.8,465.5,557.4,613.75,782.6,409.14285714285717,459.0,507.0,558.6666666666666,648.1666666666666,405.0,480.6,523.0,566.2,678.4,450.0,498.3333333333333,553.0,632.8333333333334,771.6666666666666,397.2,477.25,521.25,536.0,612.0,400.8333333333333,474.6,517.8,600.2,714.4
60,428.2307692307692,437.7692307692308,461.8846153846154,443.1153846153846,476.72,437.1923076923077,4.375,4.375,4.3125,3.625,3.625,3.6875,3.8125,3.8125,3.8125,21,female,right,297.5945945945946,15,-25,39,-347.94777833918147,0.23807537772011447,-0.3781912343608272,0.5197410025848336,338.0,376.0,445.8,481.4,518.0,384.3333333333333,415.0,433.4,507.0,585.2,344.5,409.2,444.4,481.0,528.4,382.8333333333333,417.2,434.0,465.8,527.8,370.5,413.2,438.8,458.4,518.4,366.0,430.0,481.0,516.6,590.0
61,648.52,600.2105263157895,638.6538461538462,664.5,605.6666666666666,670.36,4.4375,4.5,4.5625,1.5625,1.5625,1.875,2.75,2.625,2.5625,33,female,right,1004.144230769231,16,32,5,358.6018578354549,0.11473208300236802,0.2771951382391377,0.03879429090425917,456.4,541.6,642.0,730.6,872.0,505.3333333333333,611.8,647.2,689.6,766.0,419.5,499.75,615.6666666666666,701.25,768.75,504.3333333333333,583.8,676.4,747.0,843.0,503.8,583.8,651.2,753.4,859.6,435.2,559.0,596.5,654.5,825.75
62,579.4074074074074,563.0384615384615,575.5555555555555,589.9285714285714,588.4615384615385,586.4615384615385,4.75,4.125,5.0,3.5,3.4375,4.3125,3.5,3.25,4.3125,20,female,left,626.3303571428571,11,11,25,-19.21201579091894,0.14440153236737346,0.17218522744344028,0.3432346840517304,505.5,547.0,576.8,597.4,667.5,472.8333333333333,535.2,555.6,619.2,692.1666666666666,483.6666666666667,527.4,551.2,591.2,677.6,475.6666666666667,537.8,595.6666666666666,647.0,694.3333333333334,551.1666666666666,567.0,582.8,601.8,636.6,502.3333333333333,546.2,574.4,630.2,706.4
63,591.2307692307693,595.5384615384615,640.9655172413793,578.5769230769231,619.6666666666666,610.55,5.625,2.375,2.9375,1.0,1.0625,1.6875,6.75,2.4375,3.25,36,female,right,1065.878504672897,-13,-30,24,420.3361317391209,-0.09673272961997746,-0.20501499298807674,0.2131404034710693,422.3333333333333,524.0,585.4,652.4,805.8,472.3333333333333,555.8333333333334,631.6,697.0,846.5,459.1666666666667,560.4,588.2,623.4,773.8,435.8333333333333,520.8,556.6,642.2,766.0,433.5,496.0,570.25,708.0,845.0,456.0,582.2,624.25,671.4,765.4
64,625.04,581.25,608.52,653.1923076923077,579.125,628.5769230769231,3.4375,3.5,4.25,3.875,3.875,5.0,3.875,3.75,4.4375,21,female,right,1048.100917431193,28,20,-2,402.55854449741696,0.2678263585186876,0.20254255858979195,-0.01778738784346657,536.6,575.0,627.2,654.4,732.0,503.2,566.2,591.4,655.2,726.6,425.0,500.8,587.25,642.6,751.8,515.0,578.4,626.4,713.2,860.6,505.5,564.4,601.0,692.0,804.6,426.2,520.2,586.0,628.0,736.6
65,443.3928571428572,469.2592592592592,456.6,498.68,482.8461538461539,438.2592592592592,3.1875,3.1875,3.25,2.0,2.0,2.0625,2.1875,2.1875,2.125,29,male,right,346.1981981981982,55,-18,14,-299.34417473557784,0.7234821894405565,-0.24253569717817516,0.14254080137337632,343.6666666666667,413.8,445.6666666666667,470.0,543.3333333333334,378.2,414.6,447.4,494.2,548.6,338.1666666666667,412.6,477.2,519.0,599.5,394.8,457.8,485.4,535.8,619.6,329.8333333333333,383.8,440.0,478.8,556.8333333333334,381.0,438.0,475.2,519.4,621.0
66,440.7857142857143,507.88,450.24,440.8,460.75,447.448275862069,3.5625,3.5625,3.75,3.0625,3.0,4.0,4.125,4.125,4.5625,24,female,right,400.75,0,-3,-47,-244.79237293377605,0.00019930015334939345,-0.037751482929294464,-0.6712208133660773,349.3333333333333,417.8,446.0,469.4,522.3333333333334,365.2,409.2,448.0,477.8,551.0,393.8,474.0,510.2,544.2,617.2,332.2,399.8,438.6,470.0,563.4,345.0,412.6666666666667,436.0,472.5,569.1666666666666,380.2,435.8,458.0,490.6,538.6
67,629.36,596.48,633.5384615384615,620.6,598.3461538461538,647.7692307692307,2.25,2.25,2.25,1.5625,1.5,1.5,2.1875,2.1875,2.1875,49,female,right,732.4678899082569,-9,14,2,86.92551697448084,-0.08862362842381039,0.1345066766801628,0.01676032003809142,526.2,571.8,606.0,661.6,781.2,488.8333333333333,585.6,644.2,685.4,792.6,467.2,564.4,585.0,635.8,730.0,487.0,577.0,618.0,648.4,772.6,534.5,596.6,632.6,703.0,794.8,451.3333333333333,526.4,587.6,658.8,797.0
