sub,Experiment,gaze_congruency,action_consistency,log_rt_mean
4,1,congruent,consistent,6.033506251994886
4,1,congruent,control,6.037681817618149
4,1,congruent,inconsistent,6.083617487261068
4,1,incongruent,consistent,6.091449561739613
4,1,incongruent,control,6.09499543405343
4,1,incongruent,inconsistent,6.090766698502528
5,1,congruent,consistent,6.1983014152637645
5,1,congruent,control,6.135318013357631
5,1,congruent,inconsistent,6.256892023132109
5,1,incongruent,consistent,6.266829856138049
5,1,incongruent,control,6.161315678239685
5,1,incongruent,inconsistent,6.245337516241326
7,1,congruent,consistent,6.242253761480759
7,1,congruent,control,6.268799314530664
7,1,congruent,inconsistent,6.355536256994204
7,1,incongruent,consistent,6.350969421358451
7,1,incongruent,control,6.290962796313984
7,1,incongruent,inconsistent,6.306835860239111
9,1,congruent,consistent,6.238337529707871
9,1,congruent,control,6.258499340849046
9,1,congruent,inconsistent,6.375171043120392
9,1,incongruent,consistent,6.312088225088588
9,1,incongruent,control,6.438121677189767
9,1,incongruent,inconsistent,6.3693495999025584
11,1,congruent,consistent,6.075105618973879
11,1,congruent,control,6.046768547454872
11,1,congruent,inconsistent,5.998898311423711
11,1,incongruent,consistent,6.069651337894423
11,1,incongruent,control,6.185314185438848
11,1,incongruent,inconsistent,6.042556690734536
12,1,congruent,consistent,6.50707886108488
12,1,congruent,control,6.546388575636033
12,1,congruent,inconsistent,6.568060522882558
12,1,incongruent,consistent,6.528825602046463
12,1,incongruent,control,6.542541514513406
12,1,incongruent,inconsistent,6.47732099970896
13,1,congruent,consistent,6.05561545495135
13,1,congruent,control,6.057974455044849
13,1,congruent,inconsistent,5.993160801269546
13,1,incongruent,consistent,6.116008039739757
13,1,incongruent,control,6.070931478575805
13,1,incongruent,inconsistent,6.059870998295774
14,1,congruent,consistent,6.197859101100011
14,1,congruent,control,6.251026979701475
14,1,congruent,inconsistent,6.272161493525008
14,1,incongruent,consistent,6.245457426466091
14,1,incongruent,control,6.236593670534274
14,1,incongruent,inconsistent,6.263454364166741
16,1,congruent,consistent,6.143848450885434
16,1,congruent,control,6.249221884913005
16,1,congruent,inconsistent,6.1042140577675115
16,1,incongruent,consistent,6.151086981623001
16,1,incongruent,control,6.229071109231583
16,1,incongruent,inconsistent,6.184679253024319
20,1,congruent,consistent,6.2786835898079625
20,1,congruent,control,6.417897381308961
20,1,congruent,inconsistent,6.263201874750813
20,1,incongruent,consistent,6.315159424112012
20,1,incongruent,control,6.443678164551281
20,1,incongruent,inconsistent,6.304151256050472
22,1,congruent,consistent,6.258240806252198
22,1,congruent,control,6.3194268211748135
22,1,congruent,inconsistent,6.243879472076107
22,1,incongruent,consistent,6.377321903540498
22,1,incongruent,control,6.334958895225579
22,1,incongruent,inconsistent,6.309608447460957
24,1,congruent,consistent,6.2858718676173115
24,1,congruent,control,6.183455440204821
24,1,congruent,inconsistent,6.248887461940748
24,1,incongruent,consistent,6.238531118767056
24,1,incongruent,control,6.265092968967493
24,1,incongruent,inconsistent,6.299667634166604
25,1,congruent,consistent,6.39209183414124
25,1,congruent,control,6.4283207562011055
25,1,congruent,inconsistent,6.284903886479321
25,1,incongruent,consistent,6.31335395128365
25,1,incongruent,control,6.475279299380355
25,1,incongruent,inconsistent,6.326901283123148
26,1,congruent,consistent,5.934239313018442
26,1,congruent,control,5.963250255876606
26,1,congruent,inconsistent,5.9292259420657025
26,1,incongruent,consistent,6.007235557821735
26,1,incongruent,control,6.033924961643369
26,1,incongruent,inconsistent,5.957123476479827
27,1,congruent,consistent,6.207644809137167
27,1,congruent,control,6.3605819705125315
27,1,congruent,inconsistent,6.206143141805847
27,1,incongruent,consistent,6.137632199826125
27,1,incongruent,control,6.299172232794096
27,1,incongruent,inconsistent,6.148207681217346
28,1,congruent,consistent,5.935002774976393
28,1,congruent,control,5.969931917249048
28,1,congruent,inconsistent,6.008430441429894
28,1,incongruent,consistent,6.011899621674734
28,1,incongruent,control,6.005322001570908
28,1,incongruent,inconsistent,6.012630940419478
29,1,congruent,consistent,6.122145933571474
29,1,congruent,control,6.163237275382812
29,1,congruent,inconsistent,6.116672040661079
29,1,incongruent,consistent,6.109341009409288
29,1,incongruent,control,6.304148190803198
29,1,incongruent,inconsistent,6.228921615327431
30,1,congruent,consistent,6.221315755071023
30,1,congruent,control,6.162152864023297
30,1,congruent,inconsistent,6.2118222848348275
30,1,incongruent,consistent,6.155377928408437
30,1,incongruent,control,6.137284871494592
30,1,incongruent,inconsistent,6.221864571801994
31,1,congruent,consistent,6.125504475543328
31,1,congruent,control,6.168808416535318
31,1,congruent,inconsistent,6.169966556747532
31,1,incongruent,consistent,6.036767792014229
31,1,incongruent,control,6.124465338372782
31,1,incongruent,inconsistent,6.287506248085082
32,1,congruent,consistent,6.248834171225185
32,1,congruent,control,6.182043333524113
32,1,congruent,inconsistent,6.345849836437033
32,1,incongruent,consistent,6.287811275878279
32,1,incongruent,control,6.208147605422195
32,1,incongruent,inconsistent,6.33230206754222
33,1,congruent,consistent,5.938101619033193
33,1,congruent,control,5.931258787517846
33,1,congruent,inconsistent,5.97483152635377
33,1,incongruent,consistent,5.967162621094103
33,1,incongruent,control,6.048241681718402
33,1,incongruent,inconsistent,5.964989450240938
34,1,congruent,consistent,5.815938740230153
34,1,congruent,control,5.803354425048469
34,1,congruent,inconsistent,5.876719610120846
34,1,incongruent,consistent,5.903507436613101
34,1,incongruent,control,5.899603054577921
34,1,incongruent,inconsistent,5.818981364511256
35,1,congruent,consistent,6.024679918116432
35,1,congruent,control,6.027609058278216
35,1,congruent,inconsistent,6.142375477756105
35,1,incongruent,consistent,6.052755954208606
35,1,incongruent,control,6.168245362249688
35,1,incongruent,inconsistent,6.159776605904021
36,1,congruent,consistent,6.155699417019108
36,1,congruent,control,6.157172572822498
36,1,congruent,inconsistent,6.073845873501987
36,1,incongruent,consistent,6.177874613489825
36,1,incongruent,control,6.140569794129565
36,1,incongruent,inconsistent,6.1937207273632815
37,1,congruent,consistent,6.462489860911557
37,1,congruent,control,6.528547888118038
37,1,congruent,inconsistent,6.474345359824099
37,1,incongruent,consistent,6.449435380789177
37,1,incongruent,control,6.507124270915821
37,1,incongruent,inconsistent,6.4244927813594055
38,1,congruent,consistent,6.253402940227513
38,1,congruent,control,6.439892709250288
38,1,congruent,inconsistent,6.249549895001384
38,1,incongruent,consistent,6.400721536474182
38,1,incongruent,control,6.294248089437546
38,1,incongruent,inconsistent,6.182041633800053
39,1,congruent,consistent,6.127041207878214
39,1,congruent,control,6.329778463223132
39,1,congruent,inconsistent,6.260124875081825
39,1,incongruent,consistent,6.174061032102575
39,1,incongruent,control,6.380149246209344
39,1,incongruent,inconsistent,6.124229020610486
41,1,congruent,consistent,6.472567817423209
41,1,congruent,control,6.329684486975824
41,1,congruent,inconsistent,6.533282836351214
41,1,incongruent,consistent,6.468384995788243
41,1,incongruent,control,6.301855938502666
41,1,incongruent,inconsistent,6.459119121590224
42,1,congruent,consistent,6.340635974740039
42,1,congruent,control,6.278641184305839
42,1,congruent,inconsistent,6.377245987292396
42,1,incongruent,consistent,6.328908084119823
42,1,incongruent,control,6.3063788117142945
42,1,incongruent,inconsistent,6.385451136609641
43,1,congruent,consistent,5.964209709065982
43,1,congruent,control,5.976378713542265
43,1,congruent,inconsistent,5.942499677345105
43,1,incongruent,consistent,6.071708609894115
43,1,incongruent,control,6.161500552187608
43,1,incongruent,inconsistent,6.018527669038145
44,1,congruent,consistent,6.158893784970593
44,1,congruent,control,6.163563592616625
44,1,congruent,inconsistent,6.166137681464984
44,1,incongruent,consistent,6.220397490060924
44,1,incongruent,control,6.1890621114747635
44,1,incongruent,inconsistent,6.174728758527327
46,1,congruent,consistent,6.271681502843029
46,1,congruent,control,6.35477113747011
46,1,congruent,inconsistent,6.28084465089228
46,1,incongruent,consistent,6.272559932483019
46,1,incongruent,control,6.402484788166091
46,1,incongruent,inconsistent,6.332016428787584
47,1,congruent,consistent,6.039737317591364
47,1,congruent,control,6.146348280357451
47,1,congruent,inconsistent,6.145986914298859
47,1,incongruent,consistent,6.127075415078169
47,1,incongruent,control,6.1578624246905305
47,1,incongruent,inconsistent,6.130274097110559
48,1,congruent,consistent,6.171739252410111
48,1,congruent,control,6.131408613008468
48,1,congruent,inconsistent,6.098245619161718
48,1,incongruent,consistent,6.205480298943285
48,1,incongruent,control,6.2017988695790915
48,1,incongruent,inconsistent,6.224566841244805
49,1,congruent,consistent,6.325888457659756
49,1,congruent,control,6.352503559974074
49,1,congruent,inconsistent,6.358704462762807
49,1,incongruent,consistent,6.36941671794208
49,1,incongruent,control,6.4578682958426255
49,1,incongruent,inconsistent,6.29030079427455
50,1,congruent,consistent,5.97083101227415
50,1,congruent,control,6.054866684514932
50,1,congruent,inconsistent,5.979244709022601
50,1,incongruent,consistent,6.062368463718731
50,1,incongruent,control,6.064265379790468
50,1,incongruent,inconsistent,6.048237232793006
51,1,congruent,consistent,6.4201376433740585
51,1,congruent,control,6.669060020513531
51,1,congruent,inconsistent,6.419362148681579
51,1,incongruent,consistent,6.423764360148412
51,1,incongruent,control,6.571321537820268
51,1,incongruent,inconsistent,6.457729326214716
52,1,congruent,consistent,6.037118221927112
52,1,congruent,control,6.1189917793465565
52,1,congruent,inconsistent,6.079640918640032
52,1,incongruent,consistent,6.030379887745258
52,1,incongruent,control,6.186727397287744
52,1,incongruent,inconsistent,6.063877578707521
53,1,congruent,consistent,6.048586574052762
53,1,congruent,control,6.177664089584475
53,1,congruent,inconsistent,6.098340460538497
53,1,incongruent,consistent,6.096167213265896
53,1,incongruent,control,6.089789350117163
53,1,incongruent,inconsistent,6.066622250154688
54,1,congruent,consistent,6.361640622969663
54,1,congruent,control,6.418036676040255
54,1,congruent,inconsistent,6.446205648172923
54,1,incongruent,consistent,6.420407109439302
54,1,incongruent,control,6.410523702527792
54,1,incongruent,inconsistent,6.3714152461262055
55,1,congruent,consistent,6.443380056986792
55,1,congruent,control,6.2755872212494275
55,1,congruent,inconsistent,6.360742432571593
55,1,incongruent,consistent,6.460439062653044
55,1,incongruent,control,6.397319991698145
55,1,incongruent,inconsistent,6.437411311483542
3,2,congruent,consistent,6.1817871186274616
3,2,congruent,control,6.160238435807243
3,2,congruent,inconsistent,6.269062033786673
3,2,incongruent,consistent,6.2313224508546226
3,2,incongruent,control,6.19768549193408
3,2,incongruent,inconsistent,6.3167419684791275
4,2,congruent,consistent,6.362075895232774
4,2,congruent,control,6.5118340025107875
4,2,congruent,inconsistent,6.321237257201265
4,2,incongruent,consistent,6.379082958229566
4,2,incongruent,control,6.533485993566046
4,2,incongruent,inconsistent,6.374005298785747
5,2,congruent,consistent,5.967230201418776
5,2,congruent,control,5.923568302660386
5,2,congruent,inconsistent,6.067711196371033
5,2,incongruent,consistent,6.133372343888982
5,2,incongruent,control,5.9951619884816925
5,2,incongruent,inconsistent,5.998185537417934
6,2,congruent,consistent,6.321600587337452
6,2,congruent,control,6.534033354194346
6,2,congruent,inconsistent,6.487123288433988
6,2,incongruent,consistent,6.438266669295582
6,2,incongruent,control,6.544803024423735
6,2,incongruent,inconsistent,6.32026474543963
7,2,congruent,consistent,6.131131144722711
7,2,congruent,control,6.231333392858122
7,2,congruent,inconsistent,6.146569283023619
7,2,incongruent,consistent,6.151342369297836
7,2,incongruent,control,6.236753341484714
7,2,incongruent,inconsistent,6.145706464930326
8,2,congruent,consistent,6.403755512132139
8,2,congruent,control,6.4602782329622634
8,2,congruent,inconsistent,6.549858134692468
8,2,incongruent,consistent,6.623348626807227
8,2,incongruent,control,6.487891598184399
8,2,incongruent,inconsistent,6.437766102602849
10,2,congruent,consistent,6.182815217126968
10,2,congruent,control,6.256798324431557
10,2,congruent,inconsistent,6.2265206589829285
10,2,incongruent,consistent,6.325180408559166
10,2,incongruent,control,6.268786028745968
10,2,incongruent,inconsistent,6.272346200089061
11,2,congruent,consistent,6.001747227270273
11,2,congruent,control,6.081665003174469
11,2,congruent,inconsistent,5.997683992555732
11,2,incongruent,consistent,6.045539030171492
11,2,incongruent,control,6.119085640615916
11,2,incongruent,inconsistent,6.101316202683632
12,2,congruent,consistent,6.228271973658769
12,2,congruent,control,6.108290878442449
12,2,congruent,inconsistent,6.252519261154304
12,2,incongruent,consistent,6.263230269118506
12,2,incongruent,control,6.155415442312562
12,2,incongruent,inconsistent,6.197527371853779
13,2,congruent,consistent,6.0609109460595185
13,2,congruent,control,6.115926780048518
13,2,congruent,inconsistent,6.043268292826111
13,2,incongruent,consistent,6.149389923363262
13,2,incongruent,control,6.149904970109671
13,2,incongruent,inconsistent,6.074752624743796
14,2,congruent,consistent,6.521808442759029
14,2,congruent,control,6.4034896485113
14,2,congruent,inconsistent,6.479850099846909
14,2,incongruent,consistent,6.528984324289909
14,2,incongruent,control,6.517083721668244
14,2,incongruent,inconsistent,6.530309407718164
16,2,congruent,consistent,6.25204290686705
16,2,congruent,control,6.420769942191599
16,2,congruent,inconsistent,6.359288891263016
16,2,incongruent,consistent,6.27558580050604
16,2,incongruent,control,6.402637316161445
16,2,incongruent,inconsistent,6.177877081009454
18,2,congruent,consistent,6.125470791431881
18,2,congruent,control,6.160819498245937
18,2,congruent,inconsistent,6.102365262496562
18,2,incongruent,consistent,6.126654296313103
18,2,incongruent,control,6.1370714871524426
18,2,incongruent,inconsistent,6.177291079095819
19,2,congruent,consistent,6.00202020846821
19,2,congruent,control,6.023518357233045
19,2,congruent,inconsistent,6.111282871124015
19,2,incongruent,consistent,6.053267951390028
19,2,incongruent,control,6.075526773500728
19,2,incongruent,inconsistent,6.072093598895391
20,2,congruent,consistent,5.928537943506196
20,2,congruent,control,5.930990509861867
20,2,congruent,inconsistent,5.891631904136928
20,2,incongruent,consistent,5.944992413311677
20,2,incongruent,control,5.963999596717952
20,2,incongruent,inconsistent,5.86684366704493
21,2,congruent,consistent,5.952624035715404
21,2,congruent,control,6.031263801105443
21,2,congruent,inconsistent,5.964989003388356
21,2,incongruent,consistent,6.0528975376559
21,2,incongruent,control,6.005186958731767
21,2,incongruent,inconsistent,5.952066769947321
23,2,congruent,consistent,6.098458163410488
23,2,congruent,control,6.13641350738709
23,2,congruent,inconsistent,6.169923431283628
23,2,incongruent,consistent,6.167078068093876
23,2,incongruent,control,6.137239173350898
23,2,incongruent,inconsistent,6.121802312854483
24,2,congruent,consistent,6.212757561368264
24,2,congruent,control,6.218501723747979
24,2,congruent,inconsistent,6.223696689182446
24,2,incongruent,consistent,6.2598099918543655
24,2,incongruent,control,6.3840267736709215
24,2,incongruent,inconsistent,6.086212450633514
25,2,congruent,consistent,6.375375563705141
25,2,congruent,control,6.412490498895422
25,2,congruent,inconsistent,6.4073176479349865
25,2,incongruent,consistent,6.40469672874933
25,2,incongruent,control,6.513115516853465
25,2,incongruent,inconsistent,6.3734487467392
26,2,congruent,consistent,5.9344827799169115
26,2,congruent,control,6.064480038379493
26,2,congruent,inconsistent,6.031944374443883
26,2,incongruent,consistent,6.03171842249246
26,2,incongruent,control,6.084262868248782
26,2,incongruent,inconsistent,6.000306763912702
27,2,congruent,consistent,6.305866731055796
27,2,congruent,control,6.320471430931979
27,2,congruent,inconsistent,6.31407778865091
27,2,incongruent,consistent,6.357126669372774
27,2,incongruent,control,6.359901310961546
27,2,incongruent,inconsistent,6.236180608206986
28,2,congruent,consistent,6.23175847667781
28,2,congruent,control,6.347356153931663
28,2,congruent,inconsistent,6.282168100408254
28,2,incongruent,consistent,6.277784374550812
28,2,incongruent,control,6.31587268458102
28,2,incongruent,inconsistent,6.257891077871434
29,2,congruent,consistent,6.238851550844974
29,2,congruent,control,6.238160409445909
29,2,congruent,inconsistent,6.2657108571264475
29,2,incongruent,consistent,6.287103783687776
29,2,incongruent,control,6.238941009833224
29,2,incongruent,inconsistent,6.214163542137874
30,2,congruent,consistent,5.897373047792055
30,2,congruent,control,5.88236361493282
30,2,congruent,inconsistent,5.946178352193597
30,2,incongruent,consistent,5.910189079836344
30,2,incongruent,control,5.911498074780883
30,2,incongruent,inconsistent,5.947853044302662
40,2,congruent,consistent,6.4936465766927745
40,2,congruent,control,6.44526918015399
40,2,congruent,inconsistent,6.4299398934757335
40,2,incongruent,consistent,6.496189492487001
40,2,incongruent,control,6.548015593986675
40,2,incongruent,inconsistent,6.5018864106952705
41,2,congruent,consistent,6.172425555515595
41,2,congruent,control,6.112754214616401
41,2,congruent,inconsistent,6.230761477559319
41,2,incongruent,consistent,6.25578274063494
41,2,incongruent,control,6.1678396024049
41,2,incongruent,inconsistent,6.212523956808777
43,2,congruent,consistent,6.269742391764214
43,2,congruent,control,6.462800348727978
43,2,congruent,inconsistent,6.376810570017476
43,2,incongruent,consistent,6.441104251383577
43,2,incongruent,control,6.522724036283723
43,2,incongruent,inconsistent,6.332746694571717
44,2,congruent,consistent,6.383897064877309
44,2,congruent,control,6.434815410499913
44,2,congruent,inconsistent,6.408648924680802
44,2,incongruent,consistent,6.456782773438546
44,2,incongruent,control,6.421499384296515
44,2,incongruent,inconsistent,6.393104266545251
46,2,congruent,consistent,6.276240477602767
46,2,congruent,control,6.176642593685035
46,2,congruent,inconsistent,6.247161717099038
46,2,incongruent,consistent,6.248952862372224
46,2,incongruent,control,6.228220266394876
46,2,incongruent,inconsistent,6.183487277984039
47,2,congruent,consistent,6.101614406797789
47,2,congruent,control,6.290379515165961
47,2,congruent,inconsistent,6.233193138009705
47,2,incongruent,consistent,6.175196906469166
47,2,incongruent,control,6.341341666533247
47,2,incongruent,inconsistent,6.0739827714003845
48,2,congruent,consistent,5.901691980705127
48,2,congruent,control,6.005200468289955
48,2,congruent,inconsistent,5.994512826551734
48,2,incongruent,consistent,6.037028017247673
48,2,incongruent,control,5.978685485153424
48,2,incongruent,inconsistent,5.948118208165967
50,2,congruent,consistent,6.204049294690941
50,2,congruent,control,6.345341446859764
50,2,congruent,inconsistent,6.301385810600467
50,2,incongruent,consistent,6.384787882702904
50,2,incongruent,control,6.3290296554044065
50,2,incongruent,inconsistent,6.221480763529025
51,2,congruent,consistent,6.022205864359844
51,2,congruent,control,6.269901927619503
51,2,congruent,inconsistent,6.056760769599916
51,2,incongruent,consistent,6.113113049911259
51,2,incongruent,control,6.160698599985041
51,2,incongruent,inconsistent,6.151549560059592
52,2,congruent,consistent,6.194141781250358
52,2,congruent,control,6.268840506132162
52,2,congruent,inconsistent,6.182670540728863
52,2,incongruent,consistent,6.258415570948064
52,2,incongruent,control,6.330078282226282
52,2,incongruent,inconsistent,6.215415686678749
54,2,congruent,consistent,6.509582399845882
54,2,congruent,control,6.445071564361396
54,2,congruent,inconsistent,6.500504770181006
54,2,incongruent,consistent,6.531797384457126
54,2,incongruent,control,6.515298946744528
54,2,incongruent,inconsistent,6.553289526462994
55,2,congruent,consistent,6.187920363426138
55,2,congruent,control,6.2471712838434375
55,2,congruent,inconsistent,6.282285750604787
55,2,incongruent,consistent,6.3004174551051735
55,2,incongruent,control,6.314050771674552
55,2,incongruent,inconsistent,6.2085084682466505
56,2,congruent,consistent,5.982496560669024
56,2,congruent,control,5.924239902847305
56,2,congruent,inconsistent,6.068407810247632
56,2,incongruent,consistent,6.046169069243822
56,2,incongruent,control,6.052177701744313
56,2,incongruent,inconsistent,5.962730847864717
57,2,congruent,consistent,5.9059730831042465
57,2,congruent,control,5.919991494332148
57,2,congruent,inconsistent,6.022065492093159
57,2,incongruent,consistent,5.975953563121734
57,2,incongruent,control,6.035852985161658
57,2,incongruent,inconsistent,5.960958875251258
58,2,congruent,consistent,6.221006340462095
58,2,congruent,control,6.121070428627736
58,2,congruent,inconsistent,6.074898709371324
58,2,incongruent,consistent,6.172565129760049
58,2,incongruent,control,6.207977428312339
58,2,incongruent,inconsistent,6.152462413621036
60,2,congruent,consistent,6.050705981226007
60,2,congruent,control,6.190535465433729
60,2,congruent,inconsistent,6.1286725736514995
60,2,incongruent,consistent,6.155556642189523
60,2,incongruent,control,6.215836022570207
60,2,incongruent,inconsistent,6.0473954068491365
61,2,congruent,consistent,6.102653175405412
61,2,congruent,control,6.188574820882799
61,2,congruent,inconsistent,6.152946827423375
61,2,incongruent,consistent,6.156880016252432
61,2,incongruent,control,6.020869915751838
61,2,incongruent,inconsistent,6.062321093901359
62,2,congruent,consistent,6.218410555722481
62,2,congruent,control,6.43264283683441
62,2,congruent,inconsistent,6.271853482451321
62,2,incongruent,consistent,6.247976315569513
62,2,incongruent,control,6.439801172921848
62,2,incongruent,inconsistent,6.256927703095796
63,2,congruent,consistent,6.406525327494079
63,2,congruent,control,6.392212211635849
63,2,congruent,inconsistent,6.392495340955223
63,2,incongruent,consistent,6.41351019162645
63,2,incongruent,control,6.429379309618444
63,2,incongruent,inconsistent,6.368285275403186
64,2,congruent,consistent,6.186946555276141
64,2,congruent,control,6.318099007512422
64,2,congruent,inconsistent,6.143404116006156
64,2,incongruent,consistent,6.221879200286537
64,2,incongruent,control,6.217140178833294
64,2,incongruent,inconsistent,6.274428178158871
67,2,congruent,consistent,6.474650938671706
67,2,congruent,control,6.60170976400704
67,2,congruent,inconsistent,6.419372695554897
67,2,incongruent,consistent,6.5058257465330644
67,2,incongruent,control,6.604252445383842
67,2,incongruent,inconsistent,6.567545558097209
68,2,congruent,consistent,6.088266886264034
68,2,congruent,control,6.068738104523992
68,2,congruent,inconsistent,6.0433905203191935
68,2,incongruent,consistent,5.9684583612719
68,2,incongruent,control,5.995545444606024
68,2,incongruent,inconsistent,5.957042322890211
69,2,congruent,consistent,5.950858394696568
69,2,congruent,control,6.03624700033158
69,2,congruent,inconsistent,6.031042324601611
69,2,incongruent,consistent,6.040675383791221
69,2,incongruent,control,6.027942402507724
69,2,incongruent,inconsistent,5.922586139999205
70,2,congruent,consistent,5.9558049642647575
70,2,congruent,control,5.94839557783904
70,2,congruent,inconsistent,5.968870398335303
70,2,incongruent,consistent,5.923713348124635
70,2,incongruent,control,5.948257970838271
70,2,incongruent,inconsistent,5.938818774557535
1,3,congruent,consistent,6.037373261806939
1,3,congruent,control,6.090665320782373
1,3,congruent,inconsistent,6.1020137130131955
1,3,incongruent,consistent,6.116144904416007
1,3,incongruent,control,6.158938958996405
1,3,incongruent,inconsistent,6.014003696820041
2,3,congruent,consistent,6.249091370396283
2,3,congruent,control,6.255676495963651
2,3,congruent,inconsistent,6.359360161088285
2,3,incongruent,consistent,6.390373628479297
2,3,incongruent,control,6.271395115296842
2,3,incongruent,inconsistent,6.254638075892837
3,3,congruent,consistent,6.021894331459838
3,3,congruent,control,6.164955067143868
3,3,congruent,inconsistent,6.009568761524024
3,3,incongruent,consistent,6.152244220450978
3,3,incongruent,control,6.149104838132667
3,3,incongruent,inconsistent,6.1010698480952374
4,3,congruent,consistent,6.105434645012491
4,3,congruent,control,6.014811337272693
4,3,congruent,inconsistent,6.129563528505001
4,3,incongruent,consistent,6.167188280355366
4,3,incongruent,control,6.014450448204754
4,3,incongruent,inconsistent,6.0613599660817865
5,3,congruent,consistent,6.086186880150232
5,3,congruent,control,6.2897318110500855
5,3,congruent,inconsistent,6.097944414567316
5,3,incongruent,consistent,6.097143837978974
5,3,incongruent,control,6.231083533902204
5,3,incongruent,inconsistent,6.104683503057431
6,3,congruent,consistent,6.185887359128741
6,3,congruent,control,6.172221601754778
6,3,congruent,inconsistent,6.1474349123065375
6,3,incongruent,consistent,6.255868175812184
6,3,incongruent,control,6.286386750177732
6,3,incongruent,inconsistent,6.207520027686853
7,3,congruent,consistent,5.954947364930584
7,3,congruent,control,5.952538623853513
7,3,congruent,inconsistent,5.99681414107756
7,3,incongruent,consistent,5.896754423317865
7,3,incongruent,control,6.110861445419252
7,3,incongruent,inconsistent,5.993358832176608
8,3,congruent,consistent,6.032248111769308
8,3,congruent,control,6.108714833292962
8,3,congruent,inconsistent,6.102160681928298
8,3,incongruent,consistent,6.073008607164567
8,3,incongruent,control,6.171480038341257
8,3,incongruent,inconsistent,6.04634620871508
9,3,congruent,consistent,6.448439473538485
9,3,congruent,control,6.479166079727962
9,3,congruent,inconsistent,6.358110363258581
9,3,incongruent,consistent,6.45945922739823
9,3,incongruent,control,6.430953228078576
9,3,incongruent,inconsistent,6.47466425734643
12,3,congruent,consistent,6.554120708375789
12,3,congruent,control,6.372259154725668
12,3,congruent,inconsistent,6.496488470028301
12,3,incongruent,consistent,6.625008358444148
12,3,incongruent,control,6.476131192763268
12,3,incongruent,inconsistent,6.532532380129352
13,3,congruent,consistent,6.170003838683066
13,3,congruent,control,6.047252486516825
13,3,congruent,inconsistent,6.226375816359743
13,3,incongruent,consistent,6.174565011293292
13,3,incongruent,control,6.096484386129204
13,3,incongruent,inconsistent,6.261231792079889
16,3,congruent,consistent,6.1489771237678585
16,3,congruent,control,6.2225217511977915
16,3,congruent,inconsistent,6.322295931258758
16,3,incongruent,consistent,6.257848901649137
16,3,incongruent,control,6.282715051861055
16,3,incongruent,inconsistent,6.0994672775137
17,3,congruent,consistent,5.954044859999126
17,3,congruent,control,5.976235302103057
17,3,congruent,inconsistent,6.005357271010839
17,3,incongruent,consistent,6.047896213554677
17,3,incongruent,control,6.022121597192421
17,3,incongruent,inconsistent,5.917257148793187
18,3,congruent,consistent,5.945061020841476
18,3,congruent,control,6.0074792146594325
18,3,congruent,inconsistent,6.006675404766561
18,3,incongruent,consistent,5.987036454466348
18,3,incongruent,control,6.0899537420541625
18,3,incongruent,inconsistent,5.988408990536163
19,3,congruent,consistent,5.935321479921883
19,3,congruent,control,5.962229708473021
19,3,congruent,inconsistent,5.953687882707594
19,3,incongruent,consistent,5.981735229763943
19,3,incongruent,control,6.029162555315988
19,3,incongruent,inconsistent,5.885321080230557
20,3,congruent,consistent,6.204329512387106
20,3,congruent,control,6.0589947685387155
20,3,congruent,inconsistent,6.264705826997143
20,3,incongruent,consistent,6.102070696072169
20,3,incongruent,control,6.070836657738936
20,3,incongruent,inconsistent,6.021772201969886
22,3,congruent,consistent,5.79832776561674
22,3,congruent,control,6.034780933720551
22,3,congruent,inconsistent,5.9759972062116855
22,3,incongruent,consistent,5.9239174798751355
22,3,incongruent,control,6.00627176201333
22,3,incongruent,inconsistent,5.849321650401734
23,3,congruent,consistent,6.1974388416931605
23,3,congruent,control,6.093055461403306
23,3,congruent,inconsistent,6.2167094425074225
23,3,incongruent,consistent,6.180853399603637
23,3,incongruent,control,6.211337041780034
23,3,incongruent,inconsistent,6.227062743319319
25,3,congruent,consistent,6.157080570332945
25,3,congruent,control,6.17610549091214
25,3,congruent,inconsistent,6.144732653193291
25,3,incongruent,consistent,6.151124721893169
25,3,incongruent,control,6.187985393521806
25,3,incongruent,inconsistent,6.1382409523979415
27,3,congruent,consistent,6.099389638369009
27,3,congruent,control,6.166868600277519
27,3,congruent,inconsistent,6.0862553909408215
27,3,incongruent,consistent,6.0782983216872974
27,3,incongruent,control,6.182892766633553
27,3,incongruent,inconsistent,6.11400360676741
28,3,congruent,consistent,6.0467282076604425
28,3,congruent,control,6.1128244553930395
28,3,congruent,inconsistent,6.071036565092216
28,3,incongruent,consistent,6.0936289475128795
28,3,incongruent,control,6.154207161288358
28,3,incongruent,inconsistent,6.0297442439486835
29,3,congruent,consistent,6.3923639568903186
29,3,congruent,control,6.397124357618037
29,3,congruent,inconsistent,6.427019752227143
29,3,incongruent,consistent,6.491233282321949
29,3,incongruent,control,6.386878923468921
29,3,incongruent,inconsistent,6.410802929512848
30,3,congruent,consistent,6.49515591758218
30,3,congruent,control,6.484104572080786
30,3,congruent,inconsistent,6.5397984900569215
30,3,incongruent,consistent,6.549158369228227
30,3,incongruent,control,6.507641103202361
30,3,incongruent,inconsistent,6.463894312144586
33,3,congruent,consistent,6.378546619564673
33,3,congruent,control,6.446659469462523
33,3,congruent,inconsistent,6.364028396119285
33,3,incongruent,consistent,6.4359786635224845
33,3,incongruent,control,6.4695434103003855
33,3,incongruent,inconsistent,6.4591359299726205
41,3,congruent,consistent,6.18461889016451
41,3,congruent,control,6.273354420698646
41,3,congruent,inconsistent,6.341188619806233
41,3,incongruent,consistent,6.411034805794123
41,3,incongruent,control,6.441050818560149
41,3,incongruent,inconsistent,6.146555950696485
42,3,congruent,consistent,6.179251420138681
42,3,congruent,control,6.163872873134532
42,3,congruent,inconsistent,6.293161830850211
42,3,incongruent,consistent,6.258840222099542
42,3,incongruent,control,6.260058733677012
42,3,incongruent,inconsistent,6.091209613589707
43,3,congruent,consistent,6.373167508971592
43,3,congruent,control,6.447350454147979
43,3,congruent,inconsistent,6.459171532482538
43,3,incongruent,consistent,6.507330927280047
43,3,incongruent,control,6.5097336767222265
43,3,incongruent,inconsistent,6.4740086284003215
44,3,congruent,consistent,6.030247622721104
44,3,congruent,control,6.110391090416143
44,3,congruent,inconsistent,6.059869154146359
44,3,incongruent,consistent,6.183915801351803
44,3,incongruent,control,6.143024722019131
44,3,incongruent,inconsistent,6.089066559458066
45,3,congruent,consistent,6.3833014483936745
45,3,congruent,control,6.29883022203072
45,3,congruent,inconsistent,6.338170633651335
45,3,incongruent,consistent,6.317921938942012
45,3,incongruent,control,6.435614854172504
45,3,incongruent,inconsistent,6.352160794264537
46,3,congruent,consistent,6.088914193322113
46,3,congruent,control,6.200294060930906
46,3,congruent,inconsistent,6.189558721577585
46,3,incongruent,consistent,6.233796085731632
46,3,incongruent,control,6.224802923729261
46,3,incongruent,inconsistent,6.156219199739493
47,3,congruent,consistent,6.336527122088956
47,3,congruent,control,6.399069356085585
47,3,congruent,inconsistent,6.323938844677415
47,3,incongruent,consistent,6.302505782621212
47,3,incongruent,control,6.3995721617899735
47,3,incongruent,inconsistent,6.217767113200119
48,3,congruent,consistent,6.5236648404633515
48,3,congruent,control,6.613489724216508
48,3,congruent,inconsistent,6.402201348325522
48,3,incongruent,consistent,6.5355275349313215
48,3,incongruent,control,6.635229811326013
48,3,incongruent,inconsistent,6.560434128732595
49,3,congruent,consistent,6.171922204752376
49,3,congruent,control,6.1763058215823365
49,3,congruent,inconsistent,6.197291706780822
49,3,incongruent,consistent,6.1573798436493385
49,3,incongruent,control,6.197804741574291
49,3,incongruent,inconsistent,6.18508502239687
50,3,congruent,consistent,6.000249800430849
50,3,congruent,control,6.1229585445383305
50,3,congruent,inconsistent,6.047472957438805
50,3,incongruent,consistent,6.130032815633476
50,3,incongruent,control,6.109066499292699
50,3,incongruent,inconsistent,6.056265936204715
52,3,congruent,consistent,6.117465371991724
52,3,congruent,control,6.109976689745158
52,3,congruent,inconsistent,6.17067149050135
52,3,incongruent,consistent,6.192795895964329
52,3,incongruent,control,6.146310296539
52,3,incongruent,inconsistent,6.209841497991735
54,3,congruent,consistent,6.09498934887443
54,3,congruent,control,6.171392203132955
54,3,congruent,inconsistent,6.248133596369898
54,3,incongruent,consistent,6.203887618426277
54,3,incongruent,control,6.306389483309638
54,3,incongruent,inconsistent,6.161323356133688
55,3,congruent,consistent,6.2173445914816545
55,3,congruent,control,6.278084318892081
55,3,congruent,inconsistent,6.252141418486533
55,3,incongruent,consistent,6.296724514989743
55,3,incongruent,control,6.300195590593596
55,3,incongruent,inconsistent,6.201479541251751
56,3,congruent,consistent,6.1893039967185794
56,3,congruent,control,6.356075721031364
56,3,congruent,inconsistent,6.360149973848514
56,3,incongruent,consistent,6.232317272809797
56,3,incongruent,control,6.347603876406013
56,3,incongruent,inconsistent,6.214001157139047
57,3,congruent,consistent,6.229269993688689
57,3,congruent,control,6.196082732601785
57,3,congruent,inconsistent,6.250262891897645
57,3,incongruent,consistent,6.2894341406341505
57,3,incongruent,control,6.373040738921074
57,3,incongruent,inconsistent,6.22939585910704
58,3,congruent,consistent,6.129586618900068
58,3,congruent,control,6.170676525647555
58,3,congruent,inconsistent,6.165901763246073
58,3,incongruent,consistent,6.154209102372389
58,3,incongruent,control,6.165500305048421
58,3,incongruent,inconsistent,6.127083955705052
59,3,congruent,consistent,6.29304924517945
59,3,congruent,control,6.248377654021179
59,3,congruent,inconsistent,6.22542623124978
59,3,incongruent,consistent,6.3381630287538036
59,3,incongruent,control,6.2616831987537145
59,3,incongruent,inconsistent,6.206801452770422
60,3,congruent,consistent,6.046218279592342
60,3,congruent,control,6.06984906647268
60,3,congruent,inconsistent,6.1230773218635255
60,3,incongruent,consistent,6.087091409202058
60,3,incongruent,control,6.152197192223952
60,3,incongruent,inconsistent,6.073387813342462
61,3,congruent,consistent,6.448712310484231
61,3,congruent,control,6.370337013842737
61,3,congruent,inconsistent,6.448233327331822
61,3,incongruent,consistent,6.480471964047444
61,3,incongruent,control,6.379919046341662
61,3,incongruent,inconsistent,6.4893473035296765
62,3,congruent,consistent,6.356791608850718
62,3,congruent,control,6.32599616081337
62,3,congruent,inconsistent,6.345297207258643
62,3,incongruent,consistent,6.37017486701861
62,3,incongruent,control,6.369257007067622
62,3,incongruent,inconsistent,6.372724398726316
63,3,congruent,consistent,6.355081272183413
63,3,congruent,control,6.371427407353776
63,3,congruent,inconsistent,6.439948328978823
63,3,incongruent,consistent,6.340399614412883
63,3,incongruent,control,6.412427291229434
63,3,incongruent,inconsistent,6.3831776609873065
64,3,congruent,consistent,6.431594029292429
64,3,congruent,control,6.34272385627715
64,3,congruent,inconsistent,6.40176424969247
64,3,incongruent,consistent,6.4642154600591315
64,3,incongruent,control,6.343142250358277
64,3,incongruent,inconsistent,6.42865414356333
65,3,congruent,consistent,6.080914840307902
65,3,congruent,control,6.128077937197087
65,3,congruent,inconsistent,6.1147862079719415
65,3,incongruent,consistent,6.199870541790939
65,3,incongruent,control,6.1629069572454025
65,3,incongruent,inconsistent,6.063917147797549
66,3,congruent,consistent,6.078621488346893
66,3,congruent,control,6.217707685665594
66,3,congruent,inconsistent,6.099162343639274
66,3,incongruent,consistent,6.072216358529547
66,3,incongruent,control,6.125050022031741
66,3,incongruent,inconsistent,6.088387376413686
67,3,congruent,consistent,6.4345491832281025
67,3,congruent,control,6.3792283004934305
67,3,congruent,inconsistent,6.436390357233775
67,3,incongruent,consistent,6.417015767510991
67,3,incongruent,control,6.373096794505221
67,3,incongruent,inconsistent,6.462133403281832
