sub,Experiment,cong_cons,cong_ctrl,cong_incons,incong_cons,incong_ctrl,incong_incons,gaze_effect_log_cons,gaze_effect_log_ctrl,gaze_effect_log_incons
1,3,6.037373261806939,6.090665320782373,6.102013713013196,6.116144904416007,6.158938958996405,6.014003696820041,0.0787716426090678,0.0682736382140323,-0.088010016193154
2,3,6.249091370396283,6.255676495963651,6.359360161088285,6.390373628479297,6.271395115296842,6.254638075892837,0.1412822580830139,0.0157186193331915,-0.1047220851954477
3,2,6.1817871186274616,6.160238435807243,6.269062033786673,6.231322450854623,6.19768549193408,6.316741968479128,0.049535332227161,0.0374470561268367,0.0476799346924545
3,3,6.021894331459838,6.164955067143868,6.009568761524024,6.152244220450978,6.149104838132667,6.101069848095237,0.13034988899114,-0.0158502290112014,0.0915010865712133
4,1,6.033506251994886,6.037681817618149,6.083617487261068,6.091449561739613,6.09499543405343,6.090766698502528,0.0579433097447266,0.0573136164352803,0.0071492112414599
4,2,6.362075895232774,6.511834002510788,6.321237257201265,6.379082958229566,6.533485993566046,6.374005298785747,0.0170070629967922,0.0216519910552586,0.052768041584482
4,3,6.105434645012491,6.014811337272693,6.129563528505001,6.167188280355366,6.014450448204754,6.0613599660817865,0.0617536353428747,-0.0003608890679389,-0.0682035624232142
5,1,6.1983014152637645,6.135318013357631,6.256892023132109,6.266829856138049,6.161315678239685,6.245337516241326,0.0685284408742843,0.0259976648820536,-0.0115545068907829
5,2,5.967230201418776,5.923568302660386,6.067711196371033,6.133372343888982,5.9951619884816925,5.998185537417934,0.1661421424702061,0.0715936858213064,-0.0695256589530997
5,3,6.086186880150232,6.2897318110500855,6.097944414567316,6.097143837978974,6.231083533902204,6.104683503057431,0.0109569578287418,-0.0586482771478813,0.0067390884901152
6,2,6.321600587337452,6.534033354194346,6.487123288433988,6.438266669295582,6.544803024423735,6.32026474543963,0.1166660819581304,0.0107696702293891,-0.1668585429943583
6,3,6.185887359128741,6.172221601754778,6.1474349123065375,6.255868175812184,6.286386750177732,6.207520027686853,0.0699808166834428,0.1141651484229537,0.0600851153803159
7,1,6.242253761480759,6.268799314530664,6.355536256994204,6.350969421358451,6.290962796313984,6.306835860239111,0.1087156598776921,0.0221634817833198,-0.0487003967550938
7,2,6.131131144722711,6.231333392858122,6.146569283023619,6.151342369297836,6.236753341484714,6.145706464930326,0.0202112245751253,0.0054199486265913,-0.0008628180932932
7,3,5.954947364930584,5.952538623853513,5.99681414107756,5.896754423317865,6.110861445419252,5.993358832176608,-0.0581929416127193,0.1583228215657381,-0.0034553089009516
8,2,6.403755512132139,6.460278232962264,6.549858134692468,6.623348626807227,6.487891598184399,6.437766102602849,0.2195931146750878,0.0276133652221357,-0.1120920320896194
8,3,6.032248111769308,6.108714833292962,6.102160681928298,6.073008607164567,6.171480038341257,6.04634620871508,0.0407604953952596,0.0627652050482954,-0.0558144732132186
9,1,6.238337529707871,6.258499340849046,6.375171043120392,6.312088225088588,6.438121677189767,6.3693495999025584,0.0737506953807169,0.1796223363407207,-0.0058214432178331
9,3,6.448439473538485,6.479166079727962,6.358110363258581,6.45945922739823,6.430953228078576,6.47466425734643,0.0110197538597445,-0.048212851649386,0.1165538940878487
10,2,6.182815217126968,6.256798324431557,6.2265206589829285,6.325180408559166,6.268786028745968,6.272346200089061,0.1423651914321979,0.0119877043144107,0.0458255411061321
11,1,6.075105618973879,6.046768547454872,5.998898311423711,6.069651337894423,6.185314185438848,6.042556690734536,-0.005454281079456,0.1385456379839764,0.0436583793108242
11,2,6.001747227270273,6.081665003174469,5.997683992555732,6.045539030171492,6.119085640615916,6.101316202683632,0.0437918029012189,0.0374206374414471,0.1036322101279001
12,1,6.50707886108488,6.546388575636033,6.568060522882558,6.528825602046463,6.542541514513406,6.47732099970896,0.021746740961583,-0.0038470611226273,-0.0907395231735979
12,2,6.228271973658769,6.108290878442449,6.252519261154304,6.263230269118506,6.155415442312562,6.197527371853779,0.0349582954597371,0.0471245638701134,-0.054991889300525
12,3,6.554120708375789,6.372259154725668,6.496488470028301,6.625008358444148,6.476131192763268,6.532532380129352,0.070887650068359,0.1038720380375997,0.0360439101010507
13,1,6.05561545495135,6.057974455044849,5.993160801269546,6.116008039739757,6.070931478575805,6.059870998295774,0.0603925847884072,0.0129570235309559,0.0667101970262278
13,2,6.060910946059519,6.115926780048518,6.043268292826111,6.149389923363262,6.149904970109671,6.074752624743796,0.0884789773037431,0.0339781900611528,0.0314843319176851
13,3,6.170003838683066,6.047252486516825,6.226375816359743,6.174565011293292,6.096484386129204,6.261231792079889,0.0045611726102263,0.049231899612379,0.0348559757201458
14,1,6.197859101100011,6.251026979701475,6.272161493525008,6.245457426466091,6.236593670534274,6.263454364166741,0.0475983253660796,-0.0144333091672006,-0.0087071293582674
14,2,6.521808442759029,6.4034896485113,6.479850099846909,6.528984324289909,6.517083721668244,6.530309407718164,0.0071758815308804,0.1135940731569435,0.0504593078712547
16,1,6.143848450885434,6.249221884913005,6.104214057767512,6.151086981623001,6.229071109231583,6.184679253024319,0.0072385307375668,-0.0201507756814214,0.0804651952568074
16,2,6.25204290686705,6.420769942191599,6.359288891263016,6.27558580050604,6.402637316161445,6.177877081009454,0.0235428936389894,-0.0181326260301544,-0.1814118102535618
16,3,6.1489771237678585,6.222521751197792,6.322295931258758,6.257848901649137,6.282715051861055,6.0994672775137,0.1088717778812782,0.0601933006632631,-0.2228286537450579
17,3,5.954044859999126,5.976235302103057,6.005357271010839,6.047896213554677,6.022121597192421,5.917257148793187,0.0938513535555509,0.0458862950893639,-0.0881001222176518
18,2,6.125470791431881,6.160819498245937,6.102365262496562,6.126654296313103,6.1370714871524426,6.177291079095819,0.0011835048812223,-0.0237480110934944,0.074925816599257
18,3,5.945061020841476,6.0074792146594325,6.006675404766561,5.987036454466348,6.0899537420541625,5.988408990536163,0.0419754336248718,0.08247452739473,-0.018266414230398
19,2,6.00202020846821,6.023518357233045,6.111282871124015,6.053267951390028,6.075526773500728,6.072093598895391,0.0512477429218183,0.0520084162676832,-0.039189272228624
19,3,5.935321479921883,5.962229708473021,5.953687882707594,5.981735229763943,6.029162555315988,5.885321080230557,0.0464137498420598,0.0669328468429668,-0.0683668024770369
20,1,6.2786835898079625,6.417897381308961,6.263201874750813,6.315159424112012,6.443678164551281,6.304151256050472,0.0364758343040492,0.02578078324232,0.0409493812996597
20,2,5.928537943506196,5.930990509861867,5.891631904136928,5.944992413311677,5.963999596717952,5.86684366704493,0.0164544698054811,0.0330090868560848,-0.0247882370919985
20,3,6.204329512387106,6.058994768538716,6.264705826997143,6.102070696072169,6.070836657738936,6.021772201969886,-0.1022588163149365,0.0118418892002205,-0.2429336250272573
21,2,5.952624035715404,6.031263801105443,5.964989003388356,6.0528975376559,6.005186958731767,5.952066769947321,0.1002735019404958,-0.0260768423736763,-0.012922233441035
22,1,6.258240806252198,6.3194268211748135,6.243879472076107,6.377321903540498,6.334958895225579,6.309608447460957,0.1190810972882996,0.0155320740507658,0.0657289753848502
22,3,5.79832776561674,6.034780933720551,5.9759972062116855,5.923917479875136,6.00627176201333,5.849321650401734,0.1255897142583952,-0.0285091717072214,-0.1266755558099515
23,2,6.098458163410488,6.13641350738709,6.169923431283628,6.167078068093876,6.137239173350898,6.121802312854483,0.0686199046833886,0.0008256659638083,-0.0481211184291447
23,3,6.1974388416931605,6.093055461403306,6.216709442507423,6.180853399603637,6.211337041780034,6.227062743319319,-0.0165854420895232,0.1182815803767276,0.0103533008118965
24,1,6.285871867617312,6.183455440204821,6.248887461940748,6.238531118767056,6.265092968967493,6.299667634166604,-0.0473407488502557,0.0816375287626716,0.0507801722258562
24,2,6.212757561368264,6.218501723747979,6.223696689182446,6.2598099918543655,6.3840267736709215,6.086212450633514,0.0470524304861017,0.1655250499229428,-0.1374842385489314
25,1,6.39209183414124,6.4283207562011055,6.284903886479321,6.31335395128365,6.475279299380355,6.326901283123148,-0.0787378828575899,0.0469585431792491,0.0419973966438274
25,2,6.375375563705141,6.412490498895422,6.4073176479349865,6.40469672874933,6.513115516853465,6.3734487467392,0.0293211650441884,0.100625017958043,-0.0338689011957864
25,3,6.157080570332945,6.17610549091214,6.144732653193291,6.151124721893169,6.187985393521806,6.1382409523979415,-0.0059558484397763,0.0118799026096656,-0.0064917007953493
26,1,5.934239313018442,5.963250255876606,5.929225942065703,6.007235557821735,6.033924961643369,5.957123476479827,0.072996244803293,0.0706747057667636,0.0278975344141247
26,2,5.934482779916912,6.064480038379493,6.031944374443883,6.03171842249246,6.084262868248782,6.000306763912702,0.0972356425755487,0.019782829869289,-0.031637610531181
27,1,6.207644809137167,6.360581970512532,6.206143141805847,6.137632199826125,6.299172232794096,6.148207681217346,-0.0700126093110418,-0.061409737718435,-0.0579354605885011
27,2,6.305866731055796,6.320471430931979,6.31407778865091,6.357126669372774,6.359901310961546,6.236180608206986,0.0512599383169778,0.0394298800295667,-0.0778971804439239
27,3,6.099389638369009,6.166868600277519,6.0862553909408215,6.0782983216872974,6.182892766633553,6.11400360676741,-0.0210913166817112,0.0160241663560336,0.0277482158265884
28,1,5.935002774976393,5.969931917249048,6.008430441429894,6.011899621674734,6.005322001570908,6.012630940419478,0.0768968466983404,0.0353900843218601,0.0042004989895838
28,2,6.23175847667781,6.347356153931663,6.282168100408254,6.277784374550812,6.31587268458102,6.257891077871434,0.0460258978730019,-0.0314834693506433,-0.02427702253682
28,3,6.0467282076604425,6.11282445539304,6.071036565092216,6.09362894751288,6.154207161288358,6.029744243948684,0.046900739852437,0.0413827058953186,-0.0412923211435325
29,1,6.122145933571474,6.163237275382812,6.116672040661079,6.109341009409288,6.304148190803198,6.228921615327431,-0.0128049241621859,0.1409109154203855,0.1122495746663521
29,2,6.238851550844974,6.238160409445909,6.265710857126448,6.287103783687776,6.238941009833224,6.214163542137874,0.0482522328428025,0.0007806003873147,-0.0515473149885732
29,3,6.392363956890319,6.397124357618037,6.427019752227143,6.491233282321949,6.386878923468921,6.410802929512848,0.0988693254316306,-0.010245434149116,-0.0162168227142949
30,1,6.221315755071023,6.162152864023297,6.211822284834828,6.155377928408437,6.137284871494592,6.221864571801994,-0.0659378266625863,-0.0248679925287049,0.0100422869671668
30,2,5.897373047792055,5.88236361493282,5.946178352193597,5.910189079836344,5.911498074780883,5.947853044302662,0.0128160320442889,0.0291344598480627,0.0016746921090655
30,3,6.49515591758218,6.484104572080786,6.5397984900569215,6.549158369228227,6.507641103202361,6.463894312144586,0.0540024516460473,0.0235365311215751,-0.075904177912335
31,1,6.125504475543328,6.168808416535318,6.169966556747532,6.036767792014229,6.124465338372782,6.287506248085082,-0.088736683529099,-0.0443430781625355,0.1175396913375497
32,1,6.248834171225185,6.182043333524113,6.345849836437033,6.287811275878279,6.208147605422195,6.33230206754222,0.0389771046530942,0.0261042718980819,-0.0135477688948126
33,1,5.938101619033193,5.931258787517846,5.97483152635377,5.967162621094103,6.048241681718402,5.964989450240938,0.0290610020609101,0.1169828942005555,-0.0098420761128323
33,3,6.378546619564673,6.446659469462523,6.364028396119285,6.4359786635224845,6.4695434103003855,6.4591359299726205,0.057432043957811,0.022883940837862,0.0951075338533353
34,1,5.815938740230153,5.803354425048469,5.876719610120846,5.903507436613101,5.899603054577921,5.818981364511256,0.0875686963829478,0.0962486295294517,-0.05773824560959
35,1,6.024679918116432,6.027609058278216,6.142375477756105,6.052755954208606,6.168245362249688,6.159776605904021,0.0280760360921741,0.1406363039714717,0.0174011281479158
36,1,6.155699417019108,6.157172572822498,6.073845873501987,6.177874613489825,6.140569794129565,6.1937207273632815,0.0221751964707168,-0.016602778692933,0.1198748538612948
37,1,6.462489860911557,6.528547888118038,6.474345359824099,6.449435380789177,6.507124270915821,6.4244927813594055,-0.0130544801223795,-0.0214236172022177,-0.0498525784646934
38,1,6.253402940227513,6.439892709250288,6.249549895001384,6.400721536474182,6.294248089437546,6.182041633800053,0.1473185962466692,-0.1456446198127423,-0.0675082612013309
39,1,6.127041207878214,6.329778463223132,6.260124875081825,6.174061032102575,6.380149246209344,6.124229020610486,0.0470198242243604,0.0503707829862118,-0.1358958544713386
40,2,6.493646576692775,6.44526918015399,6.4299398934757335,6.496189492487001,6.548015593986675,6.501886410695271,0.0025429157942262,0.1027464138326852,0.071946517219537
41,1,6.472567817423209,6.329684486975824,6.533282836351214,6.468384995788243,6.301855938502666,6.459119121590224,-0.0041828216349655,-0.0278285484731588,-0.0741637147609894
41,2,6.172425555515595,6.112754214616401,6.230761477559319,6.25578274063494,6.1678396024049,6.212523956808777,0.083357185119345,0.0550853877884991,-0.0182375207505423
41,3,6.18461889016451,6.273354420698646,6.341188619806233,6.411034805794123,6.441050818560149,6.146555950696485,0.2264159156296132,0.1676963978615031,-0.1946326691097475
42,1,6.340635974740039,6.278641184305839,6.377245987292396,6.328908084119823,6.306378811714295,6.385451136609641,-0.0117278906202153,0.027737627408455,0.008205149317245
42,3,6.179251420138681,6.163872873134532,6.293161830850211,6.258840222099542,6.260058733677012,6.091209613589707,0.0795888019608606,0.0961858605424801,-0.2019522172605041
43,1,5.964209709065982,5.976378713542265,5.942499677345105,6.071708609894115,6.161500552187608,6.018527669038145,0.1074989008281326,0.185121838645343,0.0760279916930395
43,2,6.269742391764214,6.462800348727978,6.376810570017476,6.441104251383577,6.522724036283723,6.332746694571717,0.1713618596193633,0.0599236875557451,-0.0440638754457589
43,3,6.373167508971592,6.447350454147979,6.459171532482538,6.507330927280047,6.5097336767222265,6.4740086284003215,0.1341634183084554,0.0623832225742475,0.0148370959177839
44,1,6.158893784970593,6.163563592616625,6.166137681464984,6.220397490060924,6.189062111474764,6.174728758527327,0.0615037050903302,0.0254985188581384,0.0085910770623431
44,2,6.383897064877309,6.434815410499913,6.408648924680802,6.456782773438546,6.421499384296515,6.393104266545251,0.0728857085612366,-0.0133160262033973,-0.0155446581355507
44,3,6.030247622721104,6.110391090416143,6.059869154146359,6.183915801351803,6.143024722019131,6.089066559458066,0.1536681786306992,0.0326336316029882,0.0291974053117076
45,3,6.3833014483936745,6.29883022203072,6.338170633651335,6.317921938942012,6.435614854172504,6.352160794264537,-0.0653795094516622,0.1367846321417838,0.0139901606132024
46,1,6.271681502843029,6.35477113747011,6.28084465089228,6.272559932483019,6.402484788166091,6.332016428787584,0.0008784296399904,0.0477136506959805,0.0511717778953046
46,2,6.276240477602767,6.176642593685035,6.247161717099038,6.248952862372224,6.228220266394876,6.183487277984039,-0.0272876152305423,0.0515776727098415,-0.0636744391149992
46,3,6.088914193322113,6.200294060930906,6.189558721577585,6.233796085731632,6.224802923729261,6.156219199739493,0.1448818924095194,0.0245088627983545,-0.0333395218380925
47,1,6.039737317591364,6.146348280357451,6.145986914298859,6.127075415078169,6.1578624246905305,6.130274097110559,0.0873380974868052,0.0115141443330797,-0.0157128171882998
47,2,6.101614406797789,6.290379515165961,6.233193138009705,6.175196906469166,6.341341666533247,6.0739827714003845,0.0735824996713772,0.0509621513672859,-0.1592103666093205
47,3,6.336527122088956,6.399069356085585,6.323938844677415,6.302505782621212,6.3995721617899735,6.217767113200119,-0.0340213394677437,0.0005028057043885,-0.1061717314772963
48,1,6.171739252410111,6.131408613008468,6.098245619161718,6.205480298943285,6.201798869579092,6.224566841244805,0.0337410465331737,0.0703902565706231,0.1263212220830869
48,2,5.901691980705127,6.005200468289955,5.994512826551734,6.037028017247673,5.978685485153424,5.948118208165967,0.1353360365425455,-0.026514983136531,-0.0463946183857668
48,3,6.523664840463352,6.613489724216508,6.402201348325522,6.5355275349313215,6.635229811326013,6.560434128732595,0.01186269446797,0.0217400871095057,0.1582327804070731
49,1,6.325888457659756,6.352503559974074,6.358704462762807,6.36941671794208,6.4578682958426255,6.29030079427455,0.0435282602823239,0.1053647358685516,-0.0684036684882567
49,3,6.171922204752376,6.1763058215823365,6.197291706780822,6.1573798436493385,6.197804741574291,6.18508502239687,-0.0145423611030377,0.0214989199919548,-0.0122066843839521
50,1,5.97083101227415,6.054866684514932,5.979244709022601,6.062368463718731,6.064265379790468,6.048237232793006,0.091537451444581,0.0093986952755358,0.0689925237704045
50,2,6.204049294690941,6.345341446859764,6.301385810600467,6.384787882702904,6.329029655404407,6.221480763529025,0.1807385880119625,-0.0163117914553572,-0.0799050470714428
50,3,6.000249800430849,6.1229585445383305,6.047472957438805,6.130032815633476,6.109066499292699,6.056265936204715,0.1297830152026273,-0.0138920452456314,0.0087929787659106
51,1,6.4201376433740585,6.669060020513531,6.419362148681579,6.423764360148412,6.571321537820268,6.457729326214716,0.0036267167743533,-0.0977384826932636,0.0383671775331375
51,2,6.022205864359844,6.269901927619503,6.056760769599916,6.113113049911259,6.160698599985041,6.151549560059592,0.0909071855514156,-0.1092033276344617,0.0947887904596758
52,1,6.037118221927112,6.1189917793465565,6.079640918640032,6.030379887745258,6.186727397287744,6.063877578707521,-0.0067383341818541,0.0677356179411878,-0.0157633399325112
52,2,6.194141781250358,6.268840506132162,6.182670540728863,6.258415570948064,6.330078282226282,6.215415686678749,0.0642737896977063,0.0612377760941198,0.0327451459498853
52,3,6.117465371991724,6.109976689745158,6.17067149050135,6.192795895964329,6.146310296539,6.209841497991735,0.0753305239726049,0.0363336067938417,0.0391700074903846
53,1,6.048586574052762,6.177664089584475,6.098340460538497,6.096167213265896,6.089789350117163,6.066622250154688,0.0475806392131339,-0.0878747394673116,-0.0317182103838096
54,1,6.361640622969663,6.418036676040255,6.446205648172923,6.420407109439302,6.410523702527792,6.3714152461262055,0.0587664864696391,-0.0075129735124628,-0.0747904020467178
54,2,6.509582399845882,6.445071564361396,6.500504770181006,6.531797384457126,6.515298946744528,6.553289526462994,0.022214984611244,0.0702273823831314,0.0527847562819872
54,3,6.09498934887443,6.171392203132955,6.248133596369898,6.203887618426277,6.306389483309638,6.161323356133688,0.1088982695518474,0.134997280176683,-0.0868102402362094
55,1,6.443380056986792,6.275587221249428,6.360742432571593,6.460439062653044,6.397319991698145,6.437411311483542,0.017059005666252,0.1217327704487178,0.0766688789119491
55,2,6.187920363426138,6.2471712838434375,6.282285750604787,6.3004174551051735,6.314050771674552,6.2085084682466505,0.1124970916790353,0.0668794878311143,-0.0737772823581366
55,3,6.217344591481655,6.278084318892081,6.252141418486533,6.296724514989743,6.300195590593596,6.201479541251751,0.079379923508088,0.0221112717015143,-0.0506618772347824
56,2,5.982496560669024,5.924239902847305,6.068407810247632,6.046169069243822,6.052177701744313,5.962730847864717,0.0636725085747977,0.1279377988970074,-0.1056769623829154
56,3,6.1893039967185794,6.356075721031364,6.360149973848514,6.232317272809797,6.347603876406013,6.214001157139047,0.0430132760912176,-0.0084718446253511,-0.1461488167094664
57,2,5.905973083104247,5.919991494332148,6.022065492093159,5.975953563121734,6.035852985161658,5.960958875251258,0.0699804800174872,0.1158614908295101,-0.0611066168419007
57,3,6.229269993688689,6.196082732601785,6.250262891897645,6.289434140634151,6.373040738921074,6.22939585910704,0.0601641469454614,0.176958006319289,-0.0208670327906048
58,2,6.221006340462095,6.121070428627736,6.074898709371324,6.172565129760049,6.207977428312339,6.152462413621036,-0.0484412107020464,0.0869069996846025,0.0775637042497123
58,3,6.129586618900068,6.170676525647555,6.165901763246073,6.154209102372389,6.165500305048421,6.127083955705052,0.0246224834723207,-0.0051762205991341,-0.0388178075410214
59,3,6.29304924517945,6.248377654021179,6.22542623124978,6.338163028753804,6.2616831987537145,6.206801452770422,0.0451137835743535,0.0133055447325354,-0.0186247784793582
60,2,6.050705981226007,6.190535465433729,6.1286725736515,6.155556642189523,6.215836022570207,6.0473954068491365,0.1048506609635158,0.0253005571364788,-0.081277166802363
60,3,6.046218279592342,6.06984906647268,6.1230773218635255,6.087091409202058,6.152197192223952,6.073387813342462,0.0408731296097162,0.0823481257512712,-0.0496895085210633
61,2,6.102653175405412,6.188574820882799,6.152946827423375,6.156880016252432,6.020869915751838,6.062321093901359,0.0542268408470203,-0.1677049051309609,-0.0906257335220157
61,3,6.448712310484231,6.370337013842737,6.448233327331822,6.480471964047444,6.379919046341662,6.4893473035296765,0.0317596535632134,0.0095820324989253,0.0411139761978542
62,2,6.218410555722481,6.43264283683441,6.271853482451321,6.247976315569513,6.439801172921848,6.256927703095796,0.0295657598470322,0.0071583360874374,-0.0149257793555248
62,3,6.356791608850718,6.32599616081337,6.345297207258643,6.37017486701861,6.369257007067622,6.372724398726316,0.0133832581678925,0.0432608462542525,0.0274271914676731
63,2,6.406525327494079,6.392212211635849,6.392495340955223,6.41351019162645,6.429379309618444,6.368285275403186,0.006984864132371,0.0371670979825946,-0.0242100655520376
63,3,6.355081272183413,6.371427407353776,6.439948328978823,6.340399614412883,6.412427291229434,6.3831776609873065,-0.0146816577705299,0.0409998838756573,-0.0567706679915165
64,2,6.186946555276141,6.318099007512422,6.143404116006156,6.221879200286537,6.217140178833294,6.274428178158871,0.0349326450103957,-0.1009588286791283,0.131024062152715
64,3,6.431594029292429,6.34272385627715,6.40176424969247,6.464215460059132,6.343142250358277,6.42865414356333,0.0326214307667021,0.0004183940811266,0.0268898938708597
65,3,6.080914840307902,6.128077937197087,6.1147862079719415,6.199870541790939,6.1629069572454025,6.063917147797549,0.1189557014830366,0.0348290200483152,-0.0508690601743921
66,3,6.078621488346893,6.217707685665594,6.099162343639274,6.072216358529547,6.125050022031741,6.088387376413686,-0.0064051298173453,-0.0926576636338536,-0.0107749672255881
67,2,6.474650938671706,6.60170976400704,6.419372695554897,6.505825746533064,6.604252445383842,6.567545558097209,0.0311748078613582,0.0025426813768012,0.148172862542312
67,3,6.434549183228103,6.379228300493431,6.436390357233775,6.417015767510991,6.373096794505221,6.462133403281832,-0.0175334157171116,-0.0061315059882094,0.0257430460480563
68,2,6.088266886264034,6.068738104523992,6.0433905203191935,5.9684583612719,5.995545444606024,5.957042322890211,-0.1198085249921332,-0.0731926599179679,-0.0863481974289825
69,2,5.950858394696568,6.03624700033158,6.031042324601611,6.040675383791221,6.027942402507724,5.922586139999205,0.0898169890946531,-0.0083045978238551,-0.1084561846024056
70,2,5.9558049642647575,5.94839557783904,5.968870398335303,5.923713348124635,5.948257970838271,5.938818774557535,-0.0320916161401223,-0.0001376070007692,-0.0300516237777683
