sub,gaze_congruency,action_consistency,rt_mean,Experiment
4,congruent,consistent,422.04,1
4,congruent,control,428.65384615384613,1
4,congruent,inconsistent,442.1764705882353,1
4,incongruent,consistent,447.875,1
4,incongruent,control,450.0769230769231,1
4,incongruent,inconsistent,449.92857142857144,1
5,congruent,consistent,497.3448275862069,1
5,congruent,control,465.962962962963,1
5,congruent,inconsistent,526.0526315789474,1
5,incongruent,consistent,530.375,1
5,incongruent,control,481.85185185185185,1
5,incongruent,inconsistent,518.84375,1
7,congruent,consistent,523.8181818181819,1
7,congruent,control,542.2222222222222,1
7,congruent,inconsistent,588.4642857142857,1
7,incongruent,consistent,585.7037037037037,1
7,incongruent,control,552.84,1
7,incongruent,inconsistent,555.5454545454545,1
9,congruent,consistent,516.0,1
9,congruent,control,530.4444444444445,1
9,congruent,inconsistent,593.952380952381,1
9,incongruent,consistent,560.6923076923077,1
9,incongruent,control,629.6818181818181,1
9,incongruent,inconsistent,592.0370370370371,1
11,congruent,consistent,442.82608695652175,1
11,congruent,control,430.56,1
11,congruent,inconsistent,412.6666666666667,1
11,incongruent,consistent,443.4166666666667,1
11,incongruent,control,504.6190476190476,1
11,incongruent,inconsistent,429.82608695652175,1
12,congruent,consistent,681.0,1
12,congruent,control,709.52,1
12,congruent,inconsistent,723.44,1
12,incongruent,consistent,693.25,1
12,incongruent,control,710.0769230769231,1
12,incongruent,inconsistent,664.5769230769231,1
13,congruent,consistent,433.14285714285717,1
13,congruent,control,440.0,1
13,congruent,inconsistent,406.84,1
13,incongruent,consistent,462.0416666666667,1
13,incongruent,control,440.51851851851853,1
13,incongruent,inconsistent,432.962962962963,1
14,congruent,consistent,493.85714285714283,1
14,congruent,control,522.6296296296297,1
14,congruent,inconsistent,533.5666666666667,1
14,incongruent,consistent,520.0645161290323,1
14,incongruent,control,516.28,1
14,incongruent,inconsistent,528.375,1
16,congruent,consistent,477.962962962963,1
16,congruent,control,533.8461538461538,1
16,congruent,inconsistent,457.68,1
16,incongruent,consistent,484.8,1
16,incongruent,control,521.5454545454545,1
16,incongruent,inconsistent,499.3703703703704,1
20,congruent,consistent,540.4583333333334,1
20,congruent,control,631.625,1
20,congruent,inconsistent,534.2083333333334,1
20,incongruent,consistent,562.16,1
20,incongruent,control,651.16,1
20,incongruent,inconsistent,561.7307692307693,1
22,congruent,consistent,526.72,1
22,congruent,control,564.88,1
22,congruent,inconsistent,522.9230769230769,1
22,incongruent,consistent,598.36,1
22,incongruent,control,568.76,1
22,incongruent,inconsistent,560.9642857142857,1
24,congruent,consistent,548.5454545454545,1
24,congruent,control,494.7,1
24,congruent,inconsistent,527.8421052631579,1
24,incongruent,consistent,525.4814814814815,1
24,incongruent,control,536.4347826086956,1
24,incongruent,inconsistent,555.4193548387096,1
25,congruent,consistent,612.16,1
25,congruent,control,648.84,1
25,congruent,inconsistent,558.6666666666666,1
25,incongruent,consistent,569.4782608695652,1
25,incongruent,control,672.2727272727273,1
25,incongruent,inconsistent,582.2272727272727,1
26,congruent,consistent,381.5,1
26,congruent,control,393.5925925925926,1
26,congruent,inconsistent,378.92,1
26,incongruent,consistent,411.5925925925926,1
26,incongruent,control,420.5,1
26,incongruent,inconsistent,389.65384615384613,1
27,congruent,consistent,503.69565217391306,1
27,congruent,control,585.3076923076923,1
27,congruent,inconsistent,507.2608695652174,1
27,incongruent,consistent,477.0869565217391,1
27,incongruent,control,560.68,1
27,incongruent,inconsistent,483.2,1
28,congruent,consistent,384.55555555555554,1
28,congruent,control,398.76,1
28,congruent,inconsistent,413.09090909090907,1
28,incongruent,consistent,412.2352941176471,1
28,incongruent,control,410.3076923076923,1
28,incongruent,inconsistent,412.9032258064516,1
29,congruent,consistent,467.35714285714283,1
29,congruent,control,491.03846153846155,1
29,congruent,inconsistent,465.6875,1
29,incongruent,consistent,459.625,1
29,incongruent,control,555.8846153846154,1
29,incongruent,inconsistent,539.9545454545455,1
30,congruent,consistent,511.15384615384613,1
30,congruent,control,484.85714285714283,1
30,congruent,inconsistent,504.9166666666667,1
30,incongruent,consistent,478.60869565217394,1
30,incongruent,control,476.90909090909093,1
30,incongruent,inconsistent,514.125,1
31,congruent,consistent,473.0416666666667,1
31,congruent,control,495.625,1
31,congruent,inconsistent,493.44,1
31,incongruent,consistent,427.08,1
31,incongruent,control,471.1304347826087,1
31,incongruent,inconsistent,564.76,1
32,congruent,consistent,528.56,1
32,congruent,control,491.0,1
32,congruent,inconsistent,578.3913043478261,1
32,incongruent,consistent,542.96,1
32,incongruent,control,506.28,1
32,incongruent,inconsistent,569.9642857142857,1
33,congruent,consistent,386.0344827586207,1
33,congruent,control,380.64285714285717,1
33,congruent,inconsistent,402.4642857142857,1
33,incongruent,consistent,394.9166666666667,1
33,incongruent,control,429.25925925925924,1
33,incongruent,inconsistent,395.95652173913044,1
34,congruent,consistent,350.55,1
34,congruent,control,339.9230769230769,1
34,congruent,inconsistent,363.5,1
34,incongruent,consistent,374.16,1
34,incongruent,control,371.1818181818182,1
34,incongruent,inconsistent,343.6818181818182,1
35,congruent,consistent,419.0,1
35,congruent,control,422.9259259259259,1
35,congruent,inconsistent,468.88461538461536,1
35,incongruent,consistent,429.69565217391306,1
35,incongruent,control,479.375,1
35,incongruent,inconsistent,478.08,1
36,congruent,consistent,478.0952380952381,1
36,congruent,control,478.17391304347825,1
36,congruent,inconsistent,445.5,1
36,incongruent,consistent,490.3103448275862,1
36,incongruent,control,469.4347826086956,1
36,incongruent,inconsistent,494.5,1
37,congruent,consistent,659.6296296296297,1
37,congruent,control,704.75,1
37,congruent,inconsistent,656.4074074074074,1
37,incongruent,consistent,651.04,1
37,incongruent,control,690.72,1
37,incongruent,inconsistent,631.08,1
38,congruent,consistent,532.2083333333334,1
38,congruent,control,634.2692307692307,1
38,congruent,inconsistent,533.2,1
38,incongruent,consistent,614.448275862069,1
38,incongruent,control,556.5185185185185,1
38,incongruent,inconsistent,495.0,1
39,congruent,consistent,469.82608695652175,1
39,congruent,control,591.0909090909091,1
39,congruent,inconsistent,533.6666666666666,1
39,incongruent,consistent,502.7692307692308,1
39,incongruent,control,617.5384615384615,1
39,incongruent,inconsistent,482.962962962963,1
41,congruent,consistent,657.44,1
41,congruent,control,572.304347826087,1
41,congruent,inconsistent,701.0,1
41,incongruent,consistent,660.7857142857143,1
41,incongruent,control,555.1363636363636,1
41,incongruent,inconsistent,649.8846153846154,1
42,congruent,consistent,596.25,1
42,congruent,control,569.8947368421053,1
42,congruent,inconsistent,603.5555555555555,1
42,incongruent,consistent,578.2727272727273,1
42,incongruent,control,581.6190476190476,1
42,incongruent,inconsistent,608.8695652173913,1
43,congruent,consistent,399.34615384615387,1
43,congruent,control,402.625,1
43,congruent,inconsistent,389.28,1
43,incongruent,consistent,439.16,1
43,incongruent,control,483.375,1
43,incongruent,inconsistent,417.38461538461536,1
44,congruent,consistent,480.0,1
44,congruent,control,479.5925925925926,1
44,congruent,inconsistent,484.96153846153845,1
44,incongruent,consistent,508.2692307692308,1
44,incongruent,control,492.88461538461536,1
44,incongruent,inconsistent,483.7692307692308,1
46,congruent,consistent,532.3333333333334,1
46,congruent,control,599.6521739130435,1
46,congruent,inconsistent,541.5833333333334,1
46,incongruent,consistent,537.0,1
46,incongruent,control,616.7727272727273,1
46,incongruent,inconsistent,579.1153846153846,1
47,congruent,consistent,422.2916666666667,1
47,congruent,control,475.0740740740741,1
47,congruent,inconsistent,471.82608695652175,1
47,incongruent,consistent,460.55172413793105,1
47,incongruent,control,475.5769230769231,1
47,incongruent,inconsistent,462.0,1
48,congruent,consistent,492.1111111111111,1
48,congruent,control,475.48148148148147,1
48,congruent,inconsistent,452.14814814814815,1
48,incongruent,consistent,501.0740740740741,1
48,incongruent,control,502.12,1
48,incongruent,inconsistent,515.6296296296297,1
49,congruent,consistent,569.7142857142857,1
49,congruent,control,587.12,1
49,congruent,inconsistent,594.3333333333334,1
49,incongruent,consistent,599.4736842105264,1
49,incongruent,control,655.2916666666666,1
49,incongruent,inconsistent,553.0,1
50,congruent,consistent,399.88,1
50,congruent,control,434.0,1
50,congruent,inconsistent,401.2903225806452,1
50,incongruent,consistent,434.0,1
50,incongruent,control,433.5925925925926,1
50,incongruent,inconsistent,427.6190476190476,1
51,congruent,consistent,628.1034482758621,1
51,congruent,control,811.7037037037037,1
51,congruent,inconsistent,621.8571428571429,1
51,incongruent,consistent,627.3636363636364,1
51,incongruent,control,723.7391304347826,1
51,incongruent,inconsistent,655.1935483870968,1
52,congruent,consistent,423.92857142857144,1
52,congruent,control,462.0,1
52,congruent,inconsistent,443.125,1
52,incongruent,consistent,420.5833333333333,1
52,incongruent,control,490.6923076923077,1
52,incongruent,inconsistent,432.55555555555554,1
53,congruent,consistent,436.04545454545456,1
53,congruent,control,488.75,1
53,congruent,inconsistent,458.74074074074076,1
53,incongruent,consistent,455.15384615384613,1
53,incongruent,control,448.4230769230769,1
53,incongruent,inconsistent,442.6666666666667,1
54,congruent,consistent,599.1666666666666,1
54,congruent,control,640.2962962962963,1
54,congruent,inconsistent,654.76,1
54,incongruent,consistent,627.3571428571429,1
54,incongruent,control,627.8461538461538,1
54,incongruent,inconsistent,594.44,1
55,congruent,consistent,641.2105263157895,1
55,congruent,control,550.28,1
55,congruent,inconsistent,586.84,1
55,incongruent,consistent,656.1,1
55,incongruent,control,625.08,1
55,incongruent,inconsistent,634.1428571428571,1
3,congruent,consistent,486.9583333333333,2
3,congruent,control,477.3703703703704,2
3,congruent,inconsistent,532.08,2
3,incongruent,consistent,512.2758620689655,2
3,incongruent,control,496.9230769230769,2
3,incongruent,inconsistent,561.9285714285714,2
4,congruent,consistent,594.1538461538462,2
4,congruent,control,682.3461538461538,2
4,congruent,inconsistent,563.2222222222222,2
4,incongruent,consistent,594.2727272727273,2
4,incongruent,control,703.2,2
4,incongruent,inconsistent,596.3333333333334,2
5,congruent,consistent,399.9130434782609,2
5,congruent,control,381.3333333333333,2
5,congruent,inconsistent,437.0869565217391,2
5,incongruent,consistent,471.82758620689657,2
5,incongruent,control,410.1111111111111,2
5,incongruent,inconsistent,416.4193548387097,2
6,congruent,consistent,575.6206896551724,2
6,congruent,control,704.5263157894736,2
6,congruent,inconsistent,668.125,2
6,incongruent,consistent,640.7368421052631,2
6,incongruent,control,719.4,2
6,incongruent,inconsistent,564.4615384615385,2
7,congruent,consistent,463.2307692307692,2
7,congruent,control,513.5384615384615,2
7,congruent,inconsistent,472.2916666666667,2
7,incongruent,consistent,474.88461538461536,2
7,incongruent,control,516.2083333333334,2
7,incongruent,inconsistent,472.60714285714283,2
8,congruent,consistent,631.0,2
8,congruent,control,660.36,2
8,congruent,inconsistent,708.6896551724138,2
8,incongruent,consistent,766.483870967742,2
8,incongruent,control,670.28,2
8,incongruent,inconsistent,635.9230769230769,2
10,congruent,consistent,502.4736842105263,2
10,congruent,control,534.0384615384615,2
10,congruent,inconsistent,514.4615384615385,2
10,incongruent,consistent,572.2857142857143,2
10,incongruent,control,534.3076923076923,2
10,incongruent,inconsistent,539.5925925925926,2
11,congruent,consistent,410.5,2
11,congruent,control,445.0,2
11,congruent,inconsistent,407.7037037037037,2
11,incongruent,consistent,427.0357142857143,2
11,incongruent,control,457.8076923076923,2
11,incongruent,inconsistent,453.15384615384613,2
12,congruent,consistent,512.5652173913044,2
12,congruent,control,455.0833333333333,2
12,congruent,inconsistent,528.7241379310345,2
12,incongruent,consistent,532.2068965517242,2
12,incongruent,control,478.9130434782609,2
12,incongruent,inconsistent,495.56,2
13,congruent,consistent,435.037037037037,2
13,congruent,control,465.2,2
13,congruent,inconsistent,425.4375,2
13,incongruent,consistent,473.0,2
13,incongruent,control,476.64,2
13,incongruent,inconsistent,441.3157894736842,2
14,congruent,consistent,698.4615384615385,2
14,congruent,control,620.84,2
14,congruent,inconsistent,664.7916666666666,2
14,incongruent,consistent,698.1481481481482,2
14,incongruent,control,685.6296296296297,2
14,incongruent,inconsistent,699.92,2
16,congruent,consistent,523.6666666666666,2
16,congruent,control,621.6153846153846,2
16,congruent,inconsistent,582.8095238095239,2
16,incongruent,consistent,540.7777777777778,2
16,incongruent,control,611.925925925926,2
16,incongruent,inconsistent,487.75,2
18,congruent,consistent,462.4166666666667,2
18,congruent,control,483.6,2
18,congruent,inconsistent,457.3448275862069,2
18,incongruent,consistent,464.44444444444446,2
18,incongruent,control,468.0,2
18,incongruent,inconsistent,488.125,2
19,congruent,consistent,412.4736842105263,2
19,congruent,control,426.25925925925924,2
19,congruent,inconsistent,459.5,2
19,incongruent,consistent,438.03333333333336,2
19,incongruent,control,454.037037037037,2
19,incongruent,inconsistent,442.3225806451613,2
20,congruent,consistent,383.64,2
20,congruent,control,381.9230769230769,2
20,congruent,inconsistent,371.875,2
20,incongruent,consistent,391.38461538461536,2
20,incongruent,control,397.12,2
20,incongruent,inconsistent,360.58620689655174,2
21,congruent,consistent,389.75,2
21,congruent,control,423.08,2
21,congruent,inconsistent,392.4166666666667,2
21,incongruent,consistent,442.7826086956522,2
21,incongruent,control,414.96,2
21,incongruent,inconsistent,393.6363636363636,2
23,congruent,consistent,451.6,2
23,congruent,control,473.7037037037037,2
23,congruent,inconsistent,486.4583333333333,2
23,incongruent,consistent,485.96774193548384,2
23,incongruent,control,469.85185185185185,2
23,incongruent,inconsistent,465.86206896551727,2
24,congruent,consistent,516.1785714285714,2
24,congruent,control,526.6153846153846,2
24,congruent,inconsistent,519.1,2
24,incongruent,consistent,540.64,2
24,incongruent,control,629.0416666666666,2
24,incongruent,inconsistent,445.90909090909093,2
25,congruent,consistent,602.2857142857143,2
25,congruent,control,628.84,2
25,congruent,inconsistent,622.3076923076923,2
25,incongruent,consistent,614.16,2
25,incongruent,control,692.6666666666666,2
25,incongruent,inconsistent,590.5833333333334,2
26,congruent,consistent,380.14814814814815,2
26,congruent,control,439.44444444444446,2
26,congruent,inconsistent,421.48,2
26,incongruent,consistent,422.9583333333333,2
26,incongruent,control,445.2,2
26,incongruent,inconsistent,407.3703703703704,2
27,congruent,consistent,565.9230769230769,2
27,congruent,control,570.1153846153846,2
27,congruent,inconsistent,564.76,2
27,incongruent,consistent,583.6521739130435,2
27,incongruent,control,594.4545454545455,2
27,incongruent,inconsistent,522.1481481481482,2
28,congruent,consistent,519.59375,2
28,congruent,control,581.6666666666666,2
28,congruent,inconsistent,542.76,2
28,incongruent,consistent,537.9130434782609,2
28,incongruent,control,567.1923076923077,2
28,incongruent,inconsistent,531.5,2
29,congruent,consistent,521.2758620689655,2
29,congruent,control,523.5,2
29,congruent,inconsistent,529.5,2
29,incongruent,consistent,546.88,2
29,incongruent,control,525.8928571428571,2
29,incongruent,inconsistent,504.53846153846155,2
30,congruent,consistent,368.7916666666667,2
30,congruent,control,362.2692307692308,2
30,congruent,inconsistent,385.90909090909093,2
30,incongruent,consistent,371.0740740740741,2
30,incongruent,control,374.82608695652175,2
30,incongruent,inconsistent,388.77272727272725,2
40,congruent,consistent,674.2916666666666,2
40,congruent,control,642.5384615384615,2
40,congruent,inconsistent,634.4074074074074,2
40,incongruent,consistent,673.3461538461538,2
40,incongruent,control,716.75,2
40,incongruent,inconsistent,673.5833333333334,2
41,congruent,consistent,484.8181818181818,2
41,congruent,control,458.5925925925926,2
41,congruent,inconsistent,510.51612903225805,2
41,incongruent,consistent,529.1,2
41,incongruent,control,479.7692307692308,2
41,incongruent,inconsistent,502.27272727272725,2
43,congruent,consistent,544.5483870967741,2
43,congruent,control,668.96,2
43,congruent,inconsistent,591.72,2
43,incongruent,consistent,639.6190476190476,2
43,incongruent,control,702.5833333333334,2
43,incongruent,inconsistent,572.9629629629629,2
44,congruent,consistent,599.88,2
44,congruent,control,628.5416666666666,2
44,congruent,inconsistent,616.1428571428571,2
44,incongruent,consistent,643.3846153846154,2
44,incongruent,control,625.1153846153846,2
44,incongruent,inconsistent,602.4166666666666,2
46,congruent,consistent,543.0434782608696,2
46,congruent,control,492.84,2
46,congruent,inconsistent,523.1379310344828,2
46,incongruent,consistent,523.3448275862069,2
46,incongruent,control,516.0769230769231,2
46,incongruent,inconsistent,491.3333333333333,2
47,congruent,consistent,456.53846153846155,2
47,congruent,control,547.6923076923077,2
47,congruent,inconsistent,517.695652173913,2
47,incongruent,consistent,488.0740740740741,2
47,incongruent,control,581.0,2
47,incongruent,inconsistent,446.56666666666666,2
48,congruent,consistent,370.3,2
48,congruent,control,412.3076923076923,2
48,congruent,inconsistent,409.0,2
48,incongruent,consistent,426.5151515151515,2
48,incongruent,control,400.08,2
48,incongruent,inconsistent,389.0769230769231,2
50,congruent,consistent,504.38461538461536,2
50,congruent,control,587.2173913043479,2
50,congruent,inconsistent,560.1904761904761,2
50,incongruent,consistent,604.0,2
50,incongruent,control,575.76,2
50,incongruent,inconsistent,513.96875,2
51,congruent,consistent,422.0,2
51,congruent,control,543.16,2
51,congruent,inconsistent,435.2083333333333,2
51,incongruent,consistent,459.0,2
51,incongruent,control,485.6,2
51,incongruent,inconsistent,478.08,2
52,congruent,consistent,493.53846153846155,2
52,congruent,control,532.4,2
52,congruent,inconsistent,488.10714285714283,2
52,incongruent,consistent,529.7083333333334,2
52,incongruent,control,566.24,2
52,incongruent,inconsistent,505.4230769230769,2
54,congruent,consistent,682.7037037037037,2
54,congruent,control,640.04,2
54,congruent,inconsistent,675.9545454545455,2
54,incongruent,consistent,694.96,2
54,incongruent,control,685.6153846153846,2
54,incongruent,inconsistent,715.1851851851852,2
55,congruent,consistent,493.125,2
55,congruent,control,527.6785714285714,2
55,congruent,inconsistent,543.4444444444445,2
55,incongruent,consistent,553.3571428571429,2
55,incongruent,control,560.56,2
55,incongruent,inconsistent,509.6296296296296,2
56,congruent,consistent,401.0,2
56,congruent,control,382.39130434782606,2
56,congruent,inconsistent,439.45,2
56,incongruent,consistent,425.9047619047619,2
56,incongruent,control,431.88461538461536,2
56,incongruent,inconsistent,395.35483870967744,2
57,congruent,consistent,372.0,2
57,congruent,control,381.5,2
57,congruent,inconsistent,418.08,2
57,incongruent,consistent,398.22222222222223,2
57,incongruent,control,425.32,2
57,incongruent,inconsistent,392.4166666666667,2
58,congruent,consistent,516.4137931034483,2
58,congruent,control,458.6923076923077,2
58,congruent,inconsistent,438.80645161290323,2
58,incongruent,consistent,483.84,2
58,incongruent,control,503.5769230769231,2
58,incongruent,inconsistent,473.7368421052632,2
60,congruent,consistent,430.8333333333333,2
60,congruent,control,495.28,2
60,congruent,inconsistent,466.3478260869565,2
60,incongruent,consistent,478.04761904761904,2
60,incongruent,control,511.8,2
60,incongruent,inconsistent,432.1333333333333,2
61,congruent,consistent,456.1666666666667,2
61,congruent,control,504.82608695652175,2
61,congruent,inconsistent,476.69565217391306,2
61,incongruent,consistent,485.1111111111111,2
61,incongruent,control,423.76190476190476,2
61,incongruent,inconsistent,440.37931034482756,2
62,congruent,consistent,505.6666666666667,2
62,congruent,control,636.0384615384615,2
62,congruent,inconsistent,540.1481481481482,2
62,incongruent,consistent,520.5172413793103,2
62,incongruent,control,630.625,2
62,incongruent,inconsistent,525.08,2
63,congruent,consistent,623.3125,2
63,congruent,control,614.695652173913,2
63,congruent,inconsistent,609.3,2
63,incongruent,consistent,622.6875,2
63,incongruent,control,636.92,2
63,incongruent,inconsistent,600.8,2
64,congruent,consistent,499.0625,2
64,congruent,control,581.3571428571429,2
64,congruent,inconsistent,472.74074074074076,2
64,incongruent,consistent,517.7142857142857,2
64,incongruent,control,507.2,2
64,incongruent,inconsistent,538.28,2
67,congruent,consistent,662.45,2
67,congruent,control,750.48,2
67,congruent,inconsistent,636.304347826087,2
67,incongruent,consistent,677.9130434782609,2
67,incongruent,control,751.4,2
67,incongruent,inconsistent,728.12,2
68,congruent,consistent,450.6923076923077,2
68,congruent,control,434.4583333333333,2
68,congruent,inconsistent,426.8,2
68,incongruent,consistent,396.64,2
68,incongruent,control,408.3478260869565,2
68,incongruent,inconsistent,392.46153846153845,2
69,congruent,consistent,395.8,2
69,congruent,control,426.4,2
69,congruent,inconsistent,424.23333333333335,2
69,incongruent,consistent,427.8888888888889,2
69,incongruent,control,426.68,2
69,incongruent,inconsistent,381.6363636363636,2
70,congruent,consistent,388.74074074074076,2
70,congruent,control,390.6923076923077,2
70,congruent,inconsistent,394.85185185185185,2
70,incongruent,consistent,376.4230769230769,2
70,incongruent,control,391.55555555555554,2
70,incongruent,inconsistent,384.32,2
1,congruent,consistent,424.0,3
1,congruent,control,447.0,3
1,congruent,inconsistent,449.04545454545456,3
1,incongruent,consistent,456.3703703703704,3
1,incongruent,control,482.88,3
1,incongruent,inconsistent,413.7931034482759,3
2,congruent,consistent,521.25,3
2,congruent,control,533.36,3
2,congruent,inconsistent,583.92,3
2,incongruent,consistent,601.4827586206897,3
2,incongruent,control,538.9615384615385,3
2,incongruent,inconsistent,524.5384615384615,3
3,congruent,consistent,419.0,3
3,congruent,control,485.0769230769231,3
3,congruent,inconsistent,410.32,3
3,incongruent,consistent,477.52,3
3,incongruent,control,474.4230769230769,3
3,incongruent,inconsistent,454.55555555555554,3
4,congruent,consistent,451.2962962962963,3
4,congruent,control,413.92,3
4,congruent,inconsistent,461.4230769230769,3
4,incongruent,consistent,481.9259259259259,3
4,incongruent,control,411.84615384615387,3
4,incongruent,inconsistent,432.4642857142857,3
5,congruent,consistent,453.1904761904762,3
5,congruent,control,562.7916666666666,3
5,congruent,inconsistent,453.1,3
5,incongruent,consistent,457.24,3
5,incongruent,control,515.7307692307693,3
5,incongruent,inconsistent,459.41379310344826,3
6,congruent,consistent,497.5217391304348,3
6,congruent,control,491.16,3
6,congruent,inconsistent,474.44444444444446,3
6,incongruent,consistent,531.4,3
6,incongruent,control,549.5769230769231,3
6,incongruent,inconsistent,501.9130434782609,3
7,congruent,consistent,390.15,3
7,congruent,control,393.5416666666667,3
7,congruent,inconsistent,409.67857142857144,3
7,incongruent,consistent,368.8181818181818,3
7,incongruent,control,459.64,3
7,incongruent,inconsistent,407.6521739130435,3
8,congruent,consistent,418.51851851851853,3
8,congruent,control,458.5217391304348,3
8,congruent,inconsistent,450.27777777777777,3
8,incongruent,consistent,438.2692307692308,3
8,incongruent,control,484.0,3
8,incongruent,inconsistent,426.3611111111111,3
9,congruent,consistent,655.875,3
9,congruent,control,674.56,3
9,congruent,inconsistent,599.5384615384615,3
9,incongruent,consistent,660.4285714285714,3
9,incongruent,control,633.7,3
9,incongruent,inconsistent,680.3913043478261,3
12,congruent,consistent,715.75,3
12,congruent,control,617.0769230769231,3
12,congruent,inconsistent,683.6190476190476,3
12,incongruent,consistent,768.5833333333334,3
12,incongruent,control,663.4090909090909,3
12,incongruent,inconsistent,716.7,3
13,congruent,consistent,485.0,3
13,congruent,control,428.39285714285717,3
13,congruent,inconsistent,510.88461538461536,3
13,incongruent,consistent,489.9166666666667,3
13,incongruent,control,449.375,3
13,incongruent,inconsistent,541.7037037037037,3
16,congruent,consistent,477.43333333333334,3
16,congruent,control,511.5217391304348,3
16,congruent,inconsistent,560.0952380952381,3
16,incongruent,consistent,528.5652173913044,3
16,incongruent,control,541.9285714285714,3
16,incongruent,inconsistent,449.03333333333336,3
17,congruent,consistent,392.21875,3
17,congruent,control,400.9230769230769,3
17,congruent,inconsistent,409.51724137931035,3
17,incongruent,consistent,428.09090909090907,3
17,incongruent,control,419.4782608695652,3
17,incongruent,inconsistent,377.1363636363636,3
18,congruent,consistent,387.0344827586207,3
18,congruent,control,414.375,3
18,congruent,inconsistent,410.0,3
18,incongruent,consistent,402.64,3
18,incongruent,control,454.03846153846155,3
18,incongruent,inconsistent,405.44444444444446,3
19,congruent,consistent,383.6521739130435,3
19,congruent,control,392.5652173913044,3
19,congruent,inconsistent,389.3,3
19,incongruent,consistent,399.14814814814815,3
19,incongruent,control,420.34615384615387,3
19,incongruent,inconsistent,364.0689655172414,3
20,congruent,consistent,498.16,3
20,congruent,control,436.34615384615387,3
20,congruent,inconsistent,533.8461538461538,3
20,incongruent,consistent,458.6,3
20,incongruent,control,440.0,3
20,incongruent,inconsistent,417.3,3
22,congruent,consistent,337.89285714285717,3
22,congruent,control,432.1363636363636,3
22,congruent,inconsistent,397.93333333333334,3
22,incongruent,consistent,376.95454545454544,3
22,incongruent,control,413.60869565217394,3
22,incongruent,inconsistent,353.3809523809524,3
23,congruent,consistent,497.7142857142857,3
23,congruent,control,455.5,3
23,congruent,inconsistent,505.88461538461536,3
23,incongruent,consistent,488.3448275862069,3
23,incongruent,control,505.6,3
23,incongruent,inconsistent,511.4074074074074,3
25,congruent,consistent,474.962962962963,3
25,congruent,control,483.037037037037,3
25,congruent,inconsistent,470.5925925925926,3
25,incongruent,consistent,472.2307692307692,3
25,incongruent,control,490.0,3
25,incongruent,inconsistent,465.39130434782606,3
27,congruent,consistent,454.22222222222223,3
27,congruent,control,486.0,3
27,congruent,inconsistent,443.1923076923077,3
27,incongruent,consistent,439.7692307692308,3
27,incongruent,control,489.11538461538464,3
27,incongruent,inconsistent,458.3703703703704,3
28,congruent,consistent,430.92857142857144,3
28,congruent,control,463.2307692307692,3
28,congruent,inconsistent,440.75,3
28,incongruent,consistent,445.1666666666667,3
28,incongruent,control,478.84615384615387,3
28,incongruent,inconsistent,418.6363636363636,3
29,congruent,consistent,601.76,3
29,congruent,control,610.0,3
29,congruent,inconsistent,624.9230769230769,3
29,incongruent,consistent,675.4230769230769,3
29,incongruent,control,600.8148148148148,3
29,incongruent,inconsistent,619.1111111111111,3
30,congruent,consistent,670.7333333333333,3
30,congruent,control,664.48,3
30,congruent,inconsistent,705.125,3
30,incongruent,consistent,704.9166666666666,3
30,incongruent,control,679.8148148148148,3
30,incongruent,inconsistent,647.6428571428571,3
33,congruent,consistent,598.8695652173913,3
33,congruent,control,646.7692307692307,3
33,congruent,inconsistent,593.1923076923077,3
33,incongruent,consistent,634.0909090909091,3
33,incongruent,control,657.2083333333334,3
33,incongruent,inconsistent,643.5909090909091,3
41,congruent,consistent,496.8666666666667,3
41,congruent,control,545.0,3
41,congruent,inconsistent,585.6153846153846,3
41,incongruent,consistent,616.6428571428571,3
41,incongruent,control,647.3333333333334,3
41,incongruent,inconsistent,475.0,3
42,congruent,consistent,489.3125,3
42,congruent,control,489.7307692307692,3
42,congruent,inconsistent,556.4814814814815,3
42,incongruent,consistent,532.3181818181819,3
42,incongruent,control,542.5185185185185,3
42,incongruent,inconsistent,448.5769230769231,3
43,congruent,consistent,598.9285714285714,3
43,congruent,control,637.9230769230769,3
43,congruent,inconsistent,647.75,3
43,incongruent,consistent,679.304347826087,3
43,incongruent,control,677.5652173913044,3
43,incongruent,inconsistent,656.9666666666667,3
44,congruent,consistent,420.5925925925926,3
44,congruent,control,454.2307692307692,3
44,congruent,inconsistent,433.85185185185185,3
44,incongruent,consistent,491.4074074074074,3
44,incongruent,control,470.6,3
44,incongruent,inconsistent,443.52,3
45,congruent,consistent,609.75,3
45,congruent,control,558.2173913043479,3
45,congruent,inconsistent,583.4583333333334,3
45,incongruent,consistent,564.05,3
45,incongruent,control,637.55,3
45,incongruent,inconsistent,587.25,3
46,congruent,consistent,450.7037037037037,3
46,congruent,control,503.84,3
46,congruent,inconsistent,493.6666666666667,3
46,incongruent,consistent,516.3214285714286,3
46,incongruent,control,512.7407407407408,3
46,incongruent,inconsistent,485.0740740740741,3
47,congruent,consistent,585.1904761904761,3
47,congruent,control,614.8636363636364,3
47,congruent,inconsistent,575.9565217391304,3
47,incongruent,consistent,555.8888888888889,3
47,incongruent,control,617.44,3
47,incongruent,inconsistent,511.2916666666667,3
48,congruent,consistent,701.1111111111111,3
48,congruent,control,762.0909090909091,3
48,congruent,inconsistent,614.9166666666666,3
48,incongruent,consistent,711.7916666666666,3
48,incongruent,control,797.2083333333334,3
48,incongruent,inconsistent,722.28,3
49,congruent,consistent,482.7083333333333,3
49,congruent,control,491.8888888888889,3
49,congruent,inconsistent,496.24,3
49,incongruent,consistent,475.56,3
49,incongruent,control,497.3333333333333,3
49,incongruent,inconsistent,488.6296296296296,3
50,congruent,consistent,409.037037037037,3
50,congruent,control,466.2962962962963,3
50,congruent,inconsistent,428.88461538461536,3
50,incongruent,consistent,465.24,3
50,incongruent,control,456.125,3
50,incongruent,inconsistent,434.2857142857143,3
52,congruent,consistent,461.46153846153845,3
52,congruent,control,456.76,3
52,congruent,inconsistent,492.5,3
52,incongruent,consistent,496.2173913043478,3
52,incongruent,control,473.6666666666667,3
52,incongruent,inconsistent,511.95652173913044,3
54,congruent,consistent,447.8,3
54,congruent,control,487.14814814814815,3
54,congruent,inconsistent,527.0952380952381,3
54,incongruent,consistent,497.6333333333333,3
54,incongruent,control,555.8518518518518,3
54,incongruent,inconsistent,479.8787878787879,3
55,congruent,consistent,507.59090909090907,3
55,congruent,control,543.84,3
55,congruent,inconsistent,526.6666666666666,3
55,incongruent,consistent,554.5357142857143,3
55,incongruent,control,551.12,3
55,incongruent,inconsistent,497.1666666666667,3
56,congruent,consistent,495.52,3
56,congruent,control,587.2692307692307,3
56,congruent,inconsistent,592.0,3
56,incongruent,consistent,515.0344827586207,3
56,incongruent,control,578.08,3
56,incongruent,inconsistent,507.7037037037037,3
57,congruent,consistent,520.4761904761905,3
57,congruent,control,501.96,3
57,congruent,inconsistent,532.5384615384615,3
57,incongruent,consistent,552.0,3
57,incongruent,control,593.4,3
57,incongruent,inconsistent,519.5,3
58,congruent,consistent,461.0769230769231,3
58,congruent,control,480.4347826086956,3
58,congruent,inconsistent,480.14814814814815,3
58,incongruent,consistent,474.5416666666667,3
58,incongruent,control,478.5,3
58,incongruent,inconsistent,461.51851851851853,3
59,congruent,consistent,560.4782608695652,3
59,congruent,control,525.8076923076923,3
59,congruent,inconsistent,512.9354838709677,3
59,incongruent,consistent,576.9354838709677,3
59,incongruent,control,536.1538461538462,3
59,incongruent,inconsistent,503.42857142857144,3
60,congruent,consistent,428.2307692307692,3
60,congruent,control,437.7692307692308,3
60,congruent,inconsistent,461.88461538461536,3
60,incongruent,consistent,443.11538461538464,3
60,incongruent,control,476.72,3
60,incongruent,inconsistent,437.1923076923077,3
61,congruent,consistent,648.52,3
61,congruent,control,600.2105263157895,3
61,congruent,inconsistent,638.6538461538462,3
61,incongruent,consistent,664.5,3
61,incongruent,control,605.6666666666666,3
61,incongruent,inconsistent,670.36,3
62,congruent,consistent,579.4074074074074,3
62,congruent,control,563.0384615384615,3
62,congruent,inconsistent,575.5555555555555,3
62,incongruent,consistent,589.9285714285714,3
62,incongruent,control,588.4615384615385,3
62,incongruent,inconsistent,586.4615384615385,3
63,congruent,consistent,591.2307692307693,3
63,congruent,control,595.5384615384615,3
63,congruent,inconsistent,640.9655172413793,3
63,incongruent,consistent,578.5769230769231,3
63,incongruent,control,619.6666666666666,3
63,incongruent,inconsistent,610.55,3
64,congruent,consistent,625.04,3
64,congruent,control,581.25,3
64,congruent,inconsistent,608.52,3
64,incongruent,consistent,653.1923076923077,3
64,incongruent,control,579.125,3
64,incongruent,inconsistent,628.5769230769231,3
65,congruent,consistent,443.39285714285717,3
65,congruent,control,469.25925925925924,3
65,congruent,inconsistent,456.6,3
65,incongruent,consistent,498.68,3
65,incongruent,control,482.84615384615387,3
65,incongruent,inconsistent,438.25925925925924,3
66,congruent,consistent,440.7857142857143,3
66,congruent,control,507.88,3
66,congruent,inconsistent,450.24,3
66,incongruent,consistent,440.8,3
66,incongruent,control,460.75,3
66,incongruent,inconsistent,447.44827586206895,3
67,congruent,consistent,629.36,3
67,congruent,control,596.48,3
67,congruent,inconsistent,633.5384615384615,3
67,incongruent,consistent,620.6,3
67,incongruent,control,598.3461538461538,3
67,incongruent,inconsistent,647.7692307692307,3
