Experiment,subject_id,sub,cong_cons,cong_ctrl,cong_incons,incong_cons,incong_ctrl,incong_incons,consistent_caused,consistent_control,consistent_predict,control_caused,control_control,control_predict,inconsistent_caused,inconsistent_control,inconsistent_predict,Age,Sex,Handedness,mean_initiation_time,gaze_effect_cons,gaze_effect_incons,gaze_effect_ctrl,mean_initiation_time_centered,d_cons,d_incons,d_ctrl,consistent_composite,inconsistent_composite,control_composite,consistent_caused_ipsat,inconsistent_caused_ipsat,control_caused_ipsat,consistent_control_ipsat,inconsistent_control_ipsat,control_control_ipsat,consistent_predict_ipsat,inconsistent_predict_ipsat,control_predict_ipsat,consistent_composite_ipsat,inconsistent_composite_ipsat,control_composite_ipsat
1,1_4,4,422.04,428.6538461538461,442.1764705882353,447.875,450.0769230769231,449.9285714285714,4.4375,4.25,6.375,2.9375,3.125,4.625,3.125,3.1875,3.25,19,female,right,321.6530612244898,26,8,21,-194.2730422939806,0.365881226703204,0.1001428047756501,0.2493147224036434,5.020833333333333,3.1875,3.5625,0.9375,-0.375,-0.5625,0.7291666666666665,-0.3333333333333335,-0.3958333333333335,1.625,-1.5,-0.125,1.0972222222222223,-0.7361111111111107,-0.3611111111111107
1,1_5,5,497.3448275862069,465.962962962963,526.0526315789474,530.375,481.8518518518518,518.84375,4.125,4.0625,6.0,1.1875,1.4375,3.375,1.125,1.1875,2.0,19,female,right,405.5596330275229,33,-7,16,-110.3664704909475,0.48450649724342,-0.1141961124719839,0.2049820338522598,4.729166666666667,1.4375,2.0,1.9791666666666665,-1.0208333333333335,-0.9583333333333335,1.8333333333333335,-1.0416666666666665,-0.7916666666666665,2.2083333333333335,-1.7916666666666665,-0.4166666666666665,2.006944444444444,-1.2847222222222228,-0.7222222222222228
1,1_7,7,523.8181818181819,542.2222222222222,588.4642857142857,585.7037037037037,552.84,555.5454545454545,4.375,1.625,3.8125,1.0,1.0,1.0,5.4375,1.4375,1.4375,19,female,right,439.3714285714286,62,-33,11,-76.5546749470418,0.5255053920442821,-0.2822022130376896,0.0845812807624512,3.2708333333333335,2.7708333333333335,1.0,0.7708333333333335,1.8333333333333335,-2.6041666666666665,0.27083333333333326,0.08333333333333326,-0.35416666666666674,1.7291666666666665,-0.6458333333333335,-1.0833333333333335,0.9236111111111112,0.42361111111111116,-1.3472222222222223
1,1_9,9,516.0,530.4444444444445,593.952380952381,560.6923076923077,629.6818181818181,592.0370370370371,6.5,3.6875,4.25,5.1875,1.625,2.6875,6.1875,1.25,1.625,22,female,right,282.46,45,-2,99,-233.46610351847045,0.5051127760823304,-0.0198747170266292,1.144675061845962,4.8125,3.0208333333333335,3.1666666666666665,0.541666666666667,0.22916666666666696,-0.770833333333333,1.5,-0.9375,-0.5625,1.3958333333333335,-1.2291666666666665,-0.16666666666666652,1.1458333333333335,-0.645833333333333,-0.5
1,1_11,11,442.8260869565217,430.56,412.6666666666667,443.4166666666667,504.6190476190476,429.8260869565217,6.0,5.9375,6.125,1.5625,1.1875,1.8125,3.625,3.5625,2.625,21,male,right,579.7326732673267,1,17,74,63.80656974885631,0.0063590982731497,0.1960385112384251,0.6415733625633142,6.020833333333333,3.2708333333333335,1.5208333333333333,2.2708333333333335,-0.10416666666666652,-2.1666666666666665,2.375,0.0,-2.375,2.6041666666666665,-0.8958333333333335,-1.7083333333333335,2.4166666666666665,-0.33333333333333304,-2.083333333333333
1,1_12,12,681.0,709.52,723.44,693.25,710.0769230769231,664.5769230769231,3.625,3.5,4.0625,1.4375,1.125,1.4375,3.75,2.9375,3.0,19,female,right,522.5135135135135,12,-59,1,6.587409995043117,0.1019497519195202,-0.4292750340030465,0.0038635762302157,3.7291666666666665,3.2291666666666665,1.3333333333333333,0.6875,0.8125,-1.5,0.9791666666666665,0.4166666666666665,-1.3958333333333335,1.2291666666666665,0.16666666666666652,-1.3958333333333335,0.9652777777777777,0.4652777777777777,-1.4305555555555556
1,1_13,13,433.1428571428572,440.0,406.84,462.0416666666667,440.5185185185185,432.962962962963,6.6875,1.6875,6.375,1.25,1.375,4.9375,6.9375,1.125,1.1875,19,female,right,396.688679245283,29,26,1,-119.2374242731874,0.3338280948297021,0.3838141488695498,0.0052887539244892,4.916666666666667,3.0833333333333335,2.5208333333333335,1.729166666666667,1.979166666666667,-3.708333333333333,0.29166666666666674,-0.27083333333333326,-0.02083333333333326,2.208333333333333,-2.979166666666667,0.770833333333333,1.4097222222222223,-0.42361111111111116,-0.9861111111111112
1,1_14,14,493.8571428571428,522.6296296296297,533.5666666666667,520.0645161290323,516.28,528.375,6.1875,5.9375,4.875,1.0,1.0,1.0,5.5,3.625,5.0,19,female,right,355.6964285714286,26,-5,-6,-160.2296749470418,0.4220933905326501,-0.0810465772507592,-0.0886897052437403,5.666666666666667,4.708333333333333,1.0,1.958333333333333,1.270833333333333,-3.229166666666667,2.4166666666666665,0.10416666666666652,-2.5208333333333335,1.25,1.375,-2.625,1.8750000000000004,0.9166666666666665,-2.7916666666666665
1,1_16,16,477.962962962963,533.8461538461538,457.68,484.8,521.5454545454545,499.3703703703704,3.9375,3.875,3.875,2.6875,1.375,1.9375,3.5625,3.4375,4.0,20,male,right,423.4234234234234,7,42,-12,-92.50268009504704,0.0584353191360082,0.3732473815440074,-0.091908447937971,3.8958333333333335,3.6666666666666665,2.0,0.5416666666666665,0.16666666666666652,-0.7083333333333335,0.9791666666666665,0.5416666666666665,-1.5208333333333335,0.6041666666666665,0.7291666666666665,-1.3333333333333335,0.7083333333333335,0.4791666666666665,-1.1875
1,1_20,20,540.4583333333334,631.625,534.2083333333334,562.16,651.16,561.7307692307693,6.75,6.4375,6.8125,1.0,1.0,3.5,3.5625,2.5,1.6875,19,female,right,682.0,22,28,20,166.07389648152957,0.2230054641318264,0.2354436557041419,0.117125814974143,6.666666666666667,2.5833333333333335,1.8333333333333333,2.9791666666666665,-0.20833333333333348,-2.7708333333333335,3.125,-0.8125,-2.3125,2.8125,-2.3125,-0.5,2.9722222222222223,-1.1111111111111112,-1.8611111111111114
1,1_22,22,526.72,564.88,522.9230769230769,598.36,568.76,560.9642857142857,3.1875,4.125,3.0625,1.1875,1.0,1.0,3.3125,3.875,2.8125,24,female,right,326.5090909090909,72,38,4,-189.41701260937955,0.7647005341020641,0.3642335128027799,0.0427270411291967,3.4583333333333335,3.3333333333333335,1.0625,0.625,0.75,-1.375,1.125,0.875,-2.0,0.7708333333333335,0.5208333333333335,-1.2916666666666665,0.8402777777777777,0.7152777777777777,-1.5555555555555558
1,1_24,24,548.5454545454545,494.7,527.8421052631579,525.4814814814815,536.4347826086956,555.4193548387096,6.625,6.625,5.875,1.0,1.0,1.0,1.0,1.0,1.0,22,female,right,380.3461538461539,-23,28,42,-135.5799496723165,-0.1951284712127549,0.2439966848583349,0.396391347819907,6.375,1.0,1.0,3.75,-1.875,-1.875,3.75,-1.875,-1.875,3.25,-1.625,-1.625,3.5833333333333335,-1.7916666666666665,-1.7916666666666665
1,1_25,25,612.16,648.84,558.6666666666666,569.4782608695652,672.2727272727273,582.2272727272727,6.4375,1.25,1.125,1.375,1.0,1.0,6.625,1.0,1.0,22,female,right,707.77,-43,24,23,191.84389648152955,-0.2953867980405033,0.1396201642966001,0.1190551116514546,2.9375,2.875,1.125,1.625,1.8125,-3.4375,0.16666666666666674,-0.08333333333333326,-0.08333333333333326,0.08333333333333326,-0.04166666666666674,-0.04166666666666674,0.625,0.5625,-1.1875
1,1_26,26,381.5,393.5925925925926,378.92,411.5925925925926,420.5,389.6538461538461,5.1875,5.0625,5.0625,1.0,1.0,2.25,1.0625,1.0625,1.3125,22,male,right,249.1588785046729,30,11,27,-266.76722501379754,0.4907820217344082,0.2139396869694276,0.4745753546380227,5.104166666666667,1.1458333333333333,1.4166666666666667,2.7708333333333335,-1.3541666666666665,-1.4166666666666665,2.6875,-1.3125,-1.375,2.1875,-1.5625,-0.625,2.548611111111111,-1.4097222222222225,-1.138888888888889
1,1_27,27,503.6956521739131,585.3076923076923,507.2608695652174,477.0869565217391,560.68,483.2,6.1875,2.375,3.3125,2.8125,1.375,3.25,5.875,1.375,1.625,28,female,right,1365.616161616162,-27,-24,-25,849.6900580976915,-0.2550969077232967,-0.2112833116283052,-0.2083996135109389,3.9583333333333335,2.9583333333333335,2.4791666666666665,1.229166666666667,0.916666666666667,-2.145833333333333,0.6666666666666667,-0.33333333333333326,-0.33333333333333326,0.5833333333333335,-1.1041666666666665,0.5208333333333335,0.8263888888888888,-0.17361111111111116,-0.6527777777777781
1,1_28,28,384.5555555555555,398.76,413.0909090909091,412.2352941176471,410.3076923076923,412.9032258064516,7.0,7.0,7.0,1.375,1.375,1.375,1.0,1.0,1.0,22,male,right,302.4684684684685,28,0,12,-213.45763505000195,0.4143057163687305,-0.0028577386703293,0.1640309838703093,7.0,1.0,1.375,3.875,-2.125,-1.75,3.875,-2.125,-1.75,3.875,-2.125,-1.75,3.875,-2.125,-1.75
1,1_29,29,467.3571428571428,491.0384615384615,465.6875,459.625,555.8846153846154,539.9545454545455,7.0,6.4375,6.5,1.0,1.0,2.3125,1.0,1.0,2.4375,25,male,right,1180.727272727273,-8,74,65,664.8011692088025,-0.077750390380857,0.5092599585867341,0.5671249853316656,6.645833333333333,1.4791666666666667,1.4375,4.0,-2.0,-2.0,3.625,-1.8125,-1.8125,2.75,-1.3125,-1.4375,3.458333333333333,-1.7083333333333333,-1.75
1,1_30,30,511.1538461538461,484.8571428571428,504.9166666666667,478.6086956521739,476.9090909090909,514.125,5.1875,5.25,5.1875,2.5,2.5,2.5,3.0,3.0,3.0,18,male,right,513.2403846153846,-33,9,-8,-2.6857189030857853,-0.3768487911154048,0.097755280735397,-0.0722107536383099,5.208333333333333,3.0,2.5,1.625,-0.5625,-1.0625,1.6666666666666665,-0.5833333333333335,-1.0833333333333335,1.625,-0.5625,-1.0625,1.6388888888888888,-0.5694444444444442,-1.0694444444444442
1,1_31,31,473.0416666666667,495.625,493.44,427.08,471.1304347826087,564.76,6.0,2.0,3.125,2.1875,2.0,2.125,5.5625,2.0,2.625,22,female,left,267.9716981132075,-46,71,-24,-247.9544054052629,-0.4104371906997899,0.4553918954662598,-0.1896357245547947,3.7083333333333335,3.3958333333333335,2.1041666666666665,1.416666666666667,0.979166666666667,-2.395833333333333,0.0,0.0,0.0,0.5,0.0,-0.5,0.6388888888888888,0.32638888888888884,-0.9652777777777781
1,1_32,32,528.56,491.0,578.3913043478261,542.96,506.28,569.9642857142857,4.5625,2.375,2.375,1.9375,1.9375,2.3125,4.625,2.5625,2.5,23,female,right,399.7090909090909,14,-8,15,-116.21701260937954,0.1418416462293147,-0.0882114105008547,0.164751907311412,3.1041666666666665,3.2291666666666665,2.0625,0.8541666666666665,0.9166666666666665,-1.7708333333333335,0.08333333333333348,0.2708333333333335,-0.3541666666666665,-0.02083333333333348,0.10416666666666652,-0.08333333333333348,0.3055555555555558,0.4305555555555558,-0.7361111111111107
1,1_33,33,386.0344827586207,380.6428571428572,402.4642857142857,394.9166666666667,429.2592592592592,395.9565217391304,6.625,6.125,5.3125,1.1875,1.0,1.875,5.8125,2.8125,3.1875,27,female,right,289.9816513761468,9,-7,49,-225.94445214232368,0.1258514556068817,-0.0787548485069298,0.7532878064543831,6.020833333333333,3.9375,1.3541666666666667,2.083333333333333,1.270833333333333,-3.354166666666667,2.8125,-0.5,-2.3125,1.8541666666666665,-0.2708333333333335,-1.5833333333333335,2.2500000000000004,0.1666666666666674,-2.416666666666666
1,1_34,34,350.55,339.9230769230769,363.5,374.16,371.1818181818182,343.6818181818182,5.6875,2.9375,3.9375,1.125,1.0,4.0625,5.125,1.9375,3.5,18,male,right,263.4081632653061,24,-20,31,-252.5179402531644,0.2540133077211894,-0.2774513564272423,0.4203090115354732,4.1875,3.5208333333333335,2.0625,1.7083333333333335,1.1458333333333335,-2.8541666666666665,0.9791666666666667,-0.02083333333333326,-0.9583333333333333,0.10416666666666652,-0.3333333333333335,0.22916666666666652,0.9305555555555554,0.26388888888888884,-1.1944444444444446
1,1_35,35,419.0,422.9259259259259,468.8846153846154,429.6956521739131,479.375,478.08,6.0,3.5625,5.6875,1.9375,1.9375,4.625,6.0625,2.1875,5.5,19,female,left,288.5462962962963,11,9,56,-227.3798072221741,0.1616066465893991,0.1416559216688784,0.8332292404704101,5.083333333333333,4.583333333333333,2.8333333333333335,1.333333333333333,1.395833333333333,-2.729166666666667,1.0,-0.375,-0.625,0.41666666666666696,0.22916666666666696,-0.645833333333333,0.9166666666666661,0.4166666666666661,-1.3333333333333335
1,1_36,36,478.0952380952381,478.1739130434783,445.5,490.3103448275862,469.4347826086956,494.5,5.875,5.6875,5.0,1.375,1.25,2.5,5.1875,4.3125,3.25,21,female,left,576.5436893203884,12,49,-9,60.617585801917926,0.1396685017948061,0.621394560464485,-0.117578045856188,5.520833333333333,4.25,1.7083333333333333,1.729166666666667,1.041666666666667,-2.770833333333333,1.9375,0.5625,-2.5,1.4166666666666665,-0.3333333333333335,-1.0833333333333335,1.6944444444444442,0.42361111111111116,-2.1180555555555554
1,1_37,37,659.6296296296297,704.75,656.4074074074074,651.04,690.72,631.08,3.9375,3.9375,3.9375,4.0625,4.0625,4.0625,3.5625,3.4375,3.5,21,female,right,340.4036697247706,-9,-25,-14,-175.5224337936998,-0.0527976175026338,-0.2107274113598717,-0.0789596524212517,3.9375,3.5,4.0625,0.08333333333333348,-0.2916666666666665,0.20833333333333348,0.125,-0.375,0.25,0.10416666666666652,-0.3333333333333335,0.22916666666666652,0.10416666666666652,-0.3333333333333335,0.22916666666666652
1,1_38,38,532.2083333333334,634.2692307692307,533.2,614.448275862069,556.5185185185185,495.0,6.75,3.5,3.6875,1.0,1.0,2.8125,6.625,3.0,3.125,20,female,right,515.9909090909091,82,-38,-78,0.0648055724386722,0.6677162348182369,-0.3185066126761822,-0.6679987153173076,4.645833333333333,4.25,1.6041666666666667,1.958333333333333,1.833333333333333,-3.791666666666667,1.0,0.5,-1.5,0.4791666666666665,-0.08333333333333348,-0.3958333333333335,1.1458333333333335,0.7500000000000004,-1.8958333333333328
1,1_39,39,469.8260869565217,591.0909090909091,533.6666666666666,502.7692307692308,617.5384615384615,482.962962962963,6.375,6.3125,6.5,1.0,1.0,1.0,1.125,1.125,1.125,21,female,right,353.078431372549,33,-51,26,-162.84767214592142,0.2444630616302981,-0.3492695031819421,0.1415312646256617,6.395833333333333,1.125,1.0,3.5416666666666665,-1.7083333333333335,-1.8333333333333335,3.5,-1.6875,-1.8125,3.625,-1.75,-1.875,3.555555555555556,-1.7152777777777772,-1.8402777777777772
1,1_41,41,657.44,572.304347826087,701.0,660.7857142857143,555.1363636363636,649.8846153846154,6.5625,6.375,5.875,1.125,1.375,2.625,5.75,2.4375,3.625,21,female,right,523.074074074074,3,-51,-17,7.147970555603592,0.0245272248488531,-0.3783471066022847,-0.1547169859633948,6.270833333333333,3.9375,1.7083333333333333,2.083333333333333,1.270833333333333,-3.354166666666667,2.9791666666666665,-0.9583333333333335,-2.0208333333333335,1.833333333333333,-0.41666666666666696,-1.416666666666667,2.298611111111111,-0.03472222222222188,-2.2638888888888884
1,1_42,42,596.25,569.8947368421053,603.5555555555555,578.2727272727273,581.6190476190476,608.8695652173913,5.6875,5.6875,5.125,1.0,1.125,1.0625,6.25,6.125,5.6875,25,female,right,632.1862745098039,-18,5,12,116.26017099133344,-0.1051816487400204,0.0379106726195778,0.0525934958390706,5.5,6.020833333333333,1.0625,1.375,1.9375,-3.3125,1.375,1.8125,-3.1875,1.1666666666666665,1.7291666666666665,-2.8958333333333335,1.3055555555555562,1.8263888888888893,-3.1319444444444438
1,1_43,43,399.3461538461539,402.625,389.28,439.16,483.375,417.3846153846154,5.875,5.625,3.4375,1.75,1.6875,1.75,3.8125,2.8125,2.4375,35,female,right,1027.283018867925,40,28,81,511.35691534945454,0.4803254647451797,0.3599251046169004,0.8759718283267917,4.979166666666667,3.0208333333333335,1.7291666666666667,2.0625,0.0,-2.0625,2.25,-0.5625,-1.6875,0.8958333333333335,-0.10416666666666652,-0.7916666666666665,1.7361111111111116,-0.22222222222222188,-1.5138888888888886
1,1_44,44,480.0,479.5925925925926,484.9615384615385,508.2692307692308,492.8846153846154,483.7692307692308,6.5625,2.8125,6.625,3.5625,2.625,3.875,4.75,2.375,4.0,45,female,right,566.3873873873874,28,-1,13,50.46128386891701,0.3520350520908095,-0.0155719157683842,0.1864242479367627,5.333333333333333,3.7083333333333335,3.3541666666666665,1.604166666666667,-0.20833333333333304,-1.395833333333333,0.20833333333333348,-0.22916666666666652,0.02083333333333348,1.791666666666667,-0.833333333333333,-0.958333333333333,1.2013888888888893,-0.4236111111111103,-0.7777777777777772
1,1_46,46,532.3333333333334,599.6521739130435,541.5833333333334,537.0,616.7727272727273,579.1153846153846,5.3125,5.25,5.3125,5.125,5.125,5.125,5.25,5.25,5.125,19,female,right,909.2095238095238,5,38,17,393.2834202910534,0.0588861976961078,0.2997794434593291,0.1107702212293784,5.291666666666667,5.208333333333333,5.125,0.08333333333333304,0.020833333333333037,-0.10416666666666696,0.04166666666666696,0.04166666666666696,-0.08333333333333304,0.125,-0.0625,-0.0625,0.08333333333333393,0.0,-0.08333333333333304
1,1_47,47,422.2916666666667,475.0740740740741,471.8260869565217,460.551724137931,475.5769230769231,462.0,6.4375,5.3125,5.5625,1.0,1.0,4.5,5.3125,1.8125,4.75,18,female,right,410.5982142857143,38,-10,1,-105.32788923275616,0.7931785754965173,-0.1702075628535098,0.0066636742544243,5.770833333333333,3.9583333333333335,2.1666666666666665,2.1875,1.0625,-3.25,2.6041666666666665,-0.8958333333333335,-1.7083333333333335,0.625,-0.1875,-0.4375,1.8055555555555558,-0.006944444444443754,-1.7986111111111107
1,1_48,48,492.1111111111111,475.4814814814815,452.1481481481482,501.0740740740741,502.12,515.6296296296297,2.125,3.0625,4.8125,2.0625,1.9375,3.5625,1.8125,1.875,1.8125,19,female,left,503.0446428571428,9,63,27,-12.881460661327653,0.0916382070965817,0.6825012028444949,0.2512545962985255,3.3333333333333335,1.8333333333333333,2.5208333333333335,0.125,-0.1875,0.0625,0.7708333333333335,-0.4166666666666665,-0.3541666666666665,1.4166666666666665,-1.5833333333333335,0.16666666666666652,0.7708333333333335,-0.7291666666666667,-0.04166666666666652
1,1_49,49,569.7142857142857,587.12,594.3333333333334,599.4736842105264,655.2916666666666,553.0,6.6875,5.25,3.9375,1.6875,1.8125,2.0,6.75,2.125,2.125,21,female,right,590.7244897959183,30,-41,68,74.79838627744789,0.2404545808263196,-0.3083908410337818,0.4779756971344722,5.291666666666667,3.6666666666666665,1.8333333333333333,1.645833333333333,1.708333333333333,-3.354166666666667,2.1875,-0.9375,-1.25,1.25,-0.5625,-0.6875,1.6944444444444442,0.06944444444444375,-1.7638888888888895
1,1_50,50,399.88,434.0,401.2903225806452,434.0,433.5925925925926,427.6190476190476,7.0,7.0,7.0,1.0,1.0,3.5,6.75,1.0,1.0,30,male,right,329.8165137614679,34,26,0,-186.1095897570025,0.4599308313818795,0.3828796725474692,-0.0057154740026739,7.0,2.9166666666666665,1.8333333333333333,2.083333333333333,1.833333333333333,-3.916666666666667,4.0,-2.0,-2.0,3.1666666666666665,-2.8333333333333335,-0.3333333333333335,3.0833333333333335,-1.0,-2.083333333333333
1,1_51,51,628.1034482758621,811.7037037037037,621.8571428571429,627.3636363636364,723.7391304347826,655.1935483870968,6.375,6.375,5.75,1.3125,1.0,1.625,6.0625,5.9375,4.75,39,female,right,1058.091743119266,-1,33,-88,542.1656396007957,-0.0057263069503019,0.2450497037715547,-0.5319175777480044,6.166666666666667,5.583333333333333,1.3125,1.791666666666667,1.479166666666667,-3.270833333333333,1.9375,1.5,-3.4375,1.708333333333333,0.708333333333333,-2.416666666666667,1.8125,1.229166666666666,-3.041666666666667
1,1_52,52,423.9285714285714,462.0,443.125,420.5833333333333,490.6923076923077,432.5555555555555,7.0,1.1875,2.1875,1.0,1.0,1.375,6.625,1.0,1.0,22,female,right,565.8130841121496,-3,-11,29,49.88698059367914,-0.050339269064021,-0.1692521903735144,0.3748698860796261,3.4583333333333335,2.875,1.125,2.125,1.75,-3.875,0.125,-0.0625,-0.0625,0.6666666666666667,-0.5208333333333333,-0.14583333333333326,0.9722222222222223,0.38888888888888884,-1.3611111111111112
1,1_53,53,436.0454545454546,488.75,458.7407407407408,455.1538461538461,448.4230769230769,442.6666666666667,4.9375,4.875,5.375,1.1875,1.125,4.1875,1.9375,2.0,4.0625,20,male,right,408.254716981132,19,-16,-40,-107.67138653733844,0.1824955969247256,-0.146354166625049,-0.4850656514764228,5.0625,2.6666666666666665,2.1666666666666665,2.25,-0.75,-1.5,2.2083333333333335,-0.6666666666666665,-1.5416666666666665,0.833333333333333,-0.47916666666666696,-0.35416666666666696,1.7638888888888893,-0.6319444444444442,-1.1319444444444442
1,1_54,54,599.1666666666666,640.2962962962963,654.76,627.3571428571429,627.8461538461538,594.44,7.0,4.5625,5.875,1.0,1.0,4.0,5.9375,1.375,2.875,19,female,right,317.4622641509434,28,-60,-12,-198.46383936752704,0.1940070954490909,-0.3914001680429604,-0.0710653629086651,5.8125,3.3958333333333335,2.0,2.354166666666667,1.291666666666667,-3.645833333333333,2.25,-0.9375,-1.3125,1.625,-1.375,-0.25,2.076388888888889,-0.3402777777777777,-1.7361111111111112
1,1_55,55,641.2105263157895,550.28,586.84,656.1,625.08,634.1428571428571,5.0,1.125,2.25,1.0625,1.0,1.0,6.25,1.375,1.0,20,female,right,580.4554455445544,15,47,75,64.52934202608401,0.1029112797790022,0.4460071819402937,0.4554311547007729,2.7916666666666665,2.875,1.0208333333333333,0.895833333333333,2.145833333333333,-3.041666666666667,-0.04166666666666674,0.20833333333333326,-0.16666666666666674,0.8333333333333333,-0.41666666666666674,-0.41666666666666674,0.5625,0.6458333333333335,-1.2083333333333333
2,2_3,3,486.9583333333333,477.3703703703704,532.08,512.2758620689655,496.9230769230769,561.9285714285714,3.9375,1.875,2.375,1.0625,1.125,2.1875,4.8125,1.8125,2.375,22,female,right,721.2321428571429,25,30,20,72.48720108788507,0.4173774019112371,0.3478150213302157,0.2907116202911273,2.7291666666666665,3.0,1.4583333333333333,0.6666666666666665,1.5416666666666665,-2.2083333333333335,0.27083333333333326,0.20833333333333326,-0.47916666666666674,0.0625,0.0625,-0.125,0.3333333333333335,0.604166666666667,-0.9374999999999998
2,2_4,4,594.1538461538462,682.3461538461538,563.2222222222222,594.2727272727273,703.2,596.3333333333334,3.875,4.375,3.5,3.5,3.0,3.0625,5.4375,3.0,3.5625,29,female,right,1082.822429906542,0,33,21,434.07748813728426,0.0010404596919815,0.3205971592319317,0.1529474381505701,3.9166666666666665,4.0,3.1875,-0.39583333333333304,1.166666666666667,-0.770833333333333,0.9166666666666665,-0.4583333333333335,-0.4583333333333335,0.125,0.1875,-0.3125,0.21527777777777768,0.29861111111111116,-0.5138888888888888
2,2_5,5,399.9130434782609,381.3333333333333,437.0869565217391,471.8275862068966,410.1111111111111,416.4193548387097,5.25,5.25,5.375,1.125,1.625,4.0625,4.5625,2.8125,3.875,19,female,right,478.4144144144144,72,-21,29,-170.3305273548434,0.7312528575145222,-0.2108370409493489,0.3480868267850145,5.291666666666667,3.75,2.2708333333333335,1.6041666666666665,0.9166666666666665,-2.5208333333333335,2.0208333333333335,-0.4166666666666665,-1.6041666666666665,0.9375,-0.5625,-0.375,1.520833333333333,-0.020833333333333925,-1.5000000000000004
2,2_6,6,575.6206896551724,704.5263157894736,668.125,640.7368421052631,719.4,564.4615384615385,3.875,4.1875,3.9375,4.0,3.75,3.75,3.75,3.5625,3.8125,22,female,right,683.0,65,-104,15,34.25505823074218,0.4339730020764647,-0.8972689975781399,0.0851092582074281,4.0,3.7083333333333335,3.8333333333333335,0.0,-0.125,0.125,0.3541666666666665,-0.2708333333333335,-0.08333333333333348,0.10416666666666652,-0.02083333333333348,-0.08333333333333348,0.15277777777777724,-0.13888888888888928,-0.013888888888889284
2,2_7,7,463.2307692307692,513.5384615384615,472.2916666666667,474.8846153846154,516.2083333333334,472.6071428571428,4.5,4.4375,4.6875,2.875,1.75,3.6875,3.375,3.0625,3.125,21,male,right,750.0818181818182,12,0,3,101.3368764125604,0.1793717830776099,0.0042776077764922,0.0364609798533816,4.541666666666667,3.1875,2.7708333333333335,0.9166666666666665,-0.20833333333333348,-0.7083333333333335,1.3541666666666665,-0.02083333333333348,-1.3333333333333335,0.8541666666666665,-0.7083333333333335,-0.14583333333333348,1.041666666666667,-0.3125,-0.7291666666666665
2,2_8,8,631.0,660.36,708.6896551724138,766.483870967742,670.28,635.9230769230769,5.875,5.375,4.5625,3.125,2.3125,3.375,5.75,3.75,3.5,27,female,right,681.8660714285714,135,-73,10,33.121129659313624,0.8338675298747358,-0.6174327532951879,0.0642213918505656,5.270833333333333,4.333333333333333,2.9375,0.958333333333333,0.833333333333333,-1.791666666666667,1.5625,-0.0625,-1.5,0.75,-0.3125,-0.4375,1.0902777777777777,0.15277777777777768,-1.2430555555555554
2,2_10,10,502.4736842105263,534.0384615384615,514.4615384615385,572.2857142857143,534.3076923076923,539.5925925925926,1.875,1.9375,3.5,1.6875,1.625,3.6875,1.9375,1.875,3.8125,21,female,right,613.2946428571429,70,25,0,-35.45029891211493,0.5324981579074621,0.2463186017636248,0.0026237413741992,2.4375,2.5416666666666665,2.3333333333333335,0.04166666666666674,0.10416666666666674,-0.14583333333333326,0.125,0.0625,-0.1875,-0.16666666666666652,0.14583333333333348,0.02083333333333348,0.0,0.10416666666666652,-0.10416666666666652
2,2_11,11,410.5,445.0,407.7037037037037,427.0357142857143,457.8076923076923,453.1538461538461,2.0,2.0,2.4375,1.125,1.125,1.6875,1.625,1.625,2.0625,25,female,right,605.1711711711712,17,45,13,-43.57377059808664,0.2385380201883249,0.631019295960185,0.188025002536417,2.1458333333333335,1.7708333333333333,1.3125,0.41666666666666674,0.04166666666666674,-0.45833333333333326,0.41666666666666674,0.04166666666666674,-0.45833333333333326,0.375,0.0,-0.375,0.4027777777777779,0.02777777777777768,-0.4305555555555556
2,2_12,12,512.5652173913044,455.0833333333333,528.7241379310345,532.2068965517242,478.9130434782609,495.56,4.4375,4.125,4.5625,3.3125,2.5,4.875,4.0,3.0625,3.5625,21,male,left,524.9553571428571,20,-33,24,-123.78958462640072,0.2318873706600061,-0.371495194095672,0.2991980306688623,4.375,3.5416666666666665,3.5625,0.5208333333333335,0.08333333333333348,-0.6041666666666665,0.8958333333333335,-0.16666666666666652,-0.7291666666666665,0.22916666666666696,-0.770833333333333,0.541666666666667,0.5486111111111112,-0.2847222222222223,-0.26388888888888884
2,2_13,13,435.037037037037,465.2,425.4375,473.0,476.64,441.3157894736842,2.3125,2.125,3.5,2.5,2.125,4.875,2.0,2.0625,3.5,19,female,right,625.7889908256881,38,16,11,-22.955950943569743,0.5246008625508052,0.234858806389998,0.1117901491292338,2.6458333333333335,2.5208333333333335,3.1666666666666665,0.04166666666666652,-0.2708333333333335,0.22916666666666652,0.02083333333333348,-0.04166666666666652,0.02083333333333348,-0.4583333333333335,-0.4583333333333335,0.9166666666666665,-0.13194444444444464,-0.25694444444444464,0.3888888888888884
2,2_14,14,698.4615384615385,620.84,664.7916666666666,698.1481481481482,685.6296296296297,699.92,2.0625,2.0625,3.25,1.875,1.875,3.75,2.4375,2.4375,3.5,35,female,right,693.6756756756756,0,35,65,44.9307339064178,-0.0019985514408156,0.242959345403844,0.4867391417201431,2.4583333333333335,2.7916666666666665,2.5,-0.0625,0.3125,-0.25,-0.0625,0.3125,-0.25,-0.25,0.0,0.25,-0.125,0.20833333333333304,-0.08333333333333348
2,2_16,16,523.6666666666666,621.6153846153846,582.8095238095239,540.7777777777778,611.925925925926,487.75,2.5,1.1875,2.9375,1.1875,1.0,3.5,2.6875,1.0,4.125,19,female,right,680.4414414414415,17,-95,-10,31.69649967218368,0.1967067543712432,-1.2597806998325405,-0.0978217656855776,2.2083333333333335,2.6041666666666665,1.8958333333333333,0.375,0.5625,-0.9375,0.125,-0.0625,-0.0625,-0.5833333333333335,0.6041666666666665,-0.02083333333333348,-0.02777777777777768,0.36805555555555536,-0.3402777777777779
2,2_18,18,462.4166666666667,483.6,457.3448275862069,464.4444444444445,468.0,488.125,2.5625,2.6875,3.125,2.5625,2.1875,3.0625,2.4375,2.3125,2.9375,19,female,right,644.4074074074074,2,31,-16,-4.33753436185043,0.0273438436409549,0.3450451614983332,-0.1701638422653857,2.7916666666666665,2.5625,2.6041666666666665,0.04166666666666652,-0.08333333333333348,0.04166666666666652,0.2916666666666665,-0.08333333333333348,-0.20833333333333348,0.08333333333333348,-0.10416666666666652,0.02083333333333348,0.13888888888888928,-0.09027777777777724,-0.048611111111110716
2,2_19,19,412.4736842105263,426.2592592592592,459.5,438.0333333333334,454.037037037037,442.3225806451613,5.75,3.375,4.5625,1.5625,1.5,4.75,5.25,3.625,4.5,19,female,right,770.3490566037735,26,-17,28,121.60411483451573,0.261418158230461,-0.1929179898117142,0.2279522020782426,4.5625,4.458333333333333,2.6041666666666665,1.5625,1.0625,-2.625,0.5416666666666665,0.7916666666666665,-1.3333333333333335,-0.04166666666666696,-0.10416666666666696,0.14583333333333304,0.6875000000000004,0.5833333333333335,-1.270833333333333
2,2_20,20,383.64,381.9230769230769,371.875,391.3846153846154,397.12,360.5862068965517,4.3125,4.5625,4.25,4.5625,4.6875,4.3125,4.0625,4.625,4.375,21,female,right,353.651376146789,8,-11,15,-295.0935656224688,0.0931389583347909,-0.1403003515577132,0.2076554113293715,4.375,4.354166666666667,4.520833333333333,0.0,-0.25,0.25,-0.0625,0.0,0.0625,-0.0625,0.0625,0.0,-0.04166666666666696,-0.0625,0.10416666666666607
2,2_21,21,389.75,423.08,392.4166666666667,442.7826086956522,414.96,393.6363636363636,3.375,4.4375,3.6875,3.625,4.75,4.0,3.4375,5.3125,4.1875,21,female,right,269.9423076923077,53,1,-8,-378.8026340769501,0.5149380621641925,0.0168694981661097,-0.0968348142880043,3.8333333333333335,4.3125,4.125,-0.10416666666666652,-0.04166666666666652,0.14583333333333348,-0.39583333333333304,0.47916666666666696,-0.08333333333333304,-0.2708333333333335,0.22916666666666652,0.04166666666666652,-0.2569444444444442,0.22222222222222232,0.03472222222222232
2,2_23,23,451.6,473.7037037037037,486.4583333333333,485.9677419354838,469.8518518518518,465.8620689655173,6.4375,2.1875,3.6875,1.0,1.0,3.75,6.75,2.0625,3.5625,19,female,right,362.5504587155963,34,-21,-4,-286.19448305366154,0.3825933560617511,-0.2109179970715979,-0.0403948988946159,4.104166666666667,4.125,1.9166666666666667,1.708333333333333,2.020833333333333,-3.729166666666667,0.4375,0.3125,-0.75,0.02083333333333348,-0.10416666666666652,0.08333333333333348,0.7222222222222223,0.7430555555555554,-1.465277777777778
2,2_24,24,516.1785714285714,526.6153846153846,519.1,540.64,629.0416666666666,445.9090909090909,3.25,3.25,3.25,1.9375,1.9375,1.9375,2.5625,2.5625,2.5625,21,male,right,491.8214285714286,24,-73,102,-156.9235131978292,0.167736557909858,-0.7412610807094154,0.5351676435248331,3.25,2.5625,1.9375,0.6666666666666665,-0.02083333333333348,-0.6458333333333335,0.6666666666666665,-0.02083333333333348,-0.6458333333333335,0.6666666666666665,-0.02083333333333348,-0.6458333333333335,0.6666666666666665,-0.02083333333333348,-0.6458333333333335
2,2_25,25,602.2857142857143,628.84,622.3076923076923,614.16,692.6666666666666,590.5833333333334,3.5625,3.5625,4.9375,3.625,3.5,5.5,3.625,3.375,5.375,45,female,right,721.3,12,-32,64,72.55505823074213,0.0935951876227336,-0.2644497528048785,0.3882398695225539,4.020833333333333,4.125,4.208333333333333,-0.04166666666666652,0.02083333333333348,0.02083333333333348,0.08333333333333348,-0.10416666666666652,0.02083333333333348,-0.33333333333333304,0.10416666666666696,0.22916666666666696,-0.09722222222222143,0.00694444444444553,0.09027777777777857
2,2_26,26,380.1481481481482,439.4444444444445,421.48,422.9583333333333,445.2,407.3703703703704,3.0625,2.625,2.875,1.625,2.0625,1.875,2.375,2.375,2.6875,20,female,right,678.2129629629629,43,-14,6,29.46802119370512,0.704762994360046,-0.2253436883757009,0.0686815907897112,2.8541666666666665,2.4791666666666665,1.8541666666666667,0.7083333333333335,0.02083333333333348,-0.7291666666666665,0.2708333333333335,0.02083333333333348,-0.2916666666666665,0.3958333333333335,0.20833333333333348,-0.6041666666666665,0.45833333333333304,0.08333333333333304,-0.5416666666666667
2,2_27,27,565.9230769230769,570.1153846153846,564.76,583.6521739130435,594.4545454545455,522.1481481481482,2.9375,2.875,2.875,2.75,2.875,3.625,4.75,4.75,4.75,22,female,right,642.1214953271028,18,-43,24,-6.623446442155,0.142557910357911,-0.3682175260496396,0.1767364646073073,2.8958333333333335,4.75,3.0833333333333335,-0.5416666666666665,1.2708333333333335,-0.7291666666666665,-0.625,1.25,-0.625,-0.875,1.0,-0.125,-0.6805555555555558,1.1736111111111107,-0.4930555555555558
2,2_28,28,519.59375,581.6666666666666,542.76,537.9130434782609,567.1923076923077,531.5,3.625,3.375,4.1875,2.5625,2.3125,4.5625,3.5625,3.5625,5.0,19,female,right,716.1428571428571,18,-11,-14,67.39791537359929,0.1944482219594279,-0.1125208704943852,-0.115653293053664,3.7291666666666665,4.041666666666667,3.1458333333333335,0.375,0.3125,-0.6875,0.2916666666666665,0.4791666666666665,-0.7708333333333335,-0.39583333333333304,0.41666666666666696,-0.020833333333333037,0.09027777777777724,0.4027777777777777,-0.4930555555555558
2,2_29,29,521.2758620689655,523.5,529.5,546.88,525.8928571428571,504.5384615384615,2.9375,2.875,5.0625,1.25,1.4375,1.5,3.0,2.9375,4.25,20,female,right,538.4311926605504,26,-25,2,-110.31374910870738,0.2537320856419718,-0.3860661889369965,0.0207860180572455,3.625,3.3958333333333335,1.3958333333333333,0.5416666666666665,0.6041666666666665,-1.1458333333333335,0.4583333333333335,0.5208333333333335,-0.9791666666666665,1.4583333333333335,0.6458333333333335,-2.1041666666666665,0.8194444444444442,0.5902777777777777,-1.4097222222222225
2,2_30,30,368.7916666666667,362.2692307692308,385.9090909090909,371.0740740740741,374.8260869565217,388.7727272727273,4.75,4.75,4.625,2.75,2.6875,3.4375,4.375,4.4375,4.5625,21,male,right,396.9272727272727,2,3,13,-251.8176690419852,0.0448191052418653,0.0476712655428757,0.20927078253376,4.708333333333333,4.458333333333333,2.9583333333333335,0.7916666666666665,0.4166666666666665,-1.2083333333333335,0.7916666666666665,0.4791666666666665,-1.2708333333333335,0.41666666666666696,0.35416666666666696,-0.770833333333333,0.6666666666666661,0.4166666666666661,-1.0833333333333335
2,2_40,40,674.2916666666666,642.5384615384615,634.4074074074074,673.3461538461538,716.75,673.5833333333334,2.0625,1.75,2.1875,1.6875,1.8125,2.0,1.875,1.875,3.0625,59,female,right,1047.783018867925,-1,39,74,399.0380770986672,-0.0071586682251277,0.333173829618395,0.5072835927496909,2.0,2.2708333333333335,1.8333333333333333,0.1875,0.0,-0.1875,-0.0625,0.0625,0.0,-0.22916666666666652,0.6458333333333335,-0.4166666666666665,-0.03472222222222232,0.23611111111111116,-0.20138888888888906
2,2_41,41,484.8181818181818,458.5925925925926,510.516129032258,529.1,479.7692307692308,502.2727272727273,6.6875,1.0625,1.1875,1.375,1.0,1.0,6.875,1.0,1.0,19,female,right,609.0540540540541,44,-8,21,-39.69088771520376,0.536224372414884,-0.1515377665790883,0.3207909190509247,2.9791666666666665,2.9583333333333335,1.125,1.708333333333333,1.895833333333333,-3.604166666666667,0.04166666666666674,-0.02083333333333326,-0.02083333333333326,0.125,-0.0625,-0.0625,0.625,0.604166666666667,-1.2291666666666665
2,2_43,43,544.5483870967741,668.96,591.72,639.6190476190476,702.5833333333334,572.9629629629629,2.8125,2.4375,2.9375,2.5,2.5625,3.375,3.5,3.4375,3.5625,21,female,right,919.2727272727273,95,-19,34,270.52778550346943,0.704019076771177,-0.2033692127645978,0.1794686859615978,2.7291666666666665,3.5,2.8125,-0.125,0.5625,-0.4375,-0.375,0.625,-0.25,-0.3541666666666665,0.2708333333333335,0.08333333333333348,-0.2847222222222223,0.48611111111111116,-0.20138888888888884
2,2_44,44,599.88,628.5416666666666,616.1428571428571,643.3846153846154,625.1153846153846,602.4166666666666,3.5625,3.625,3.875,4.375,3.9375,4.0625,3.25,3.375,3.375,21,female,left,599.0093457943925,44,-14,-3,-49.735595974865305,0.4569906010934994,-0.1441080767610149,-0.0339240484403144,3.6875,3.3333333333333335,4.125,-0.16666666666666652,-0.4791666666666665,0.6458333333333335,-0.02083333333333348,-0.2708333333333335,0.2916666666666665,0.10416666666666652,-0.3958333333333335,0.2916666666666665,-0.027777777777778123,-0.38194444444444464,0.4097222222222219
2,2_46,46,543.0434782608696,492.84,523.1379310344828,523.3448275862069,516.0769230769231,491.3333333333333,5.375,2.6875,2.6875,2.0625,1.6875,1.875,5.8125,2.9375,2.75,32,female,right,567.5727272727273,-20,-32,23,-81.1722144965305,-0.1994568169619691,-0.3894326300179418,0.2233423768332958,3.5833333333333335,3.8333333333333335,1.875,0.958333333333333,1.395833333333333,-2.354166666666667,0.25,0.5,-0.75,0.25,0.3125,-0.5625,0.4861111111111107,0.7361111111111107,-1.2222222222222228
2,2_47,47,456.5384615384615,547.6923076923077,517.695652173913,488.0740740740741,581.0,446.5666666666667,3.375,3.5,3.1875,2.375,2.375,2.375,4.4375,4.4375,4.4375,19,female,right,975.7927927927929,32,-71,33,327.0478510235349,0.3511366970937727,-0.7011469341011962,0.2872045398586222,3.3541666666666665,4.4375,2.375,-0.02083333333333348,1.0416666666666665,-1.0208333333333335,0.0625,1.0,-1.0625,-0.14583333333333348,1.1041666666666665,-0.9583333333333335,-0.03472222222222232,1.0486111111111112,-1.0138888888888888
2,2_48,48,370.3,412.3076923076923,409.0,426.5151515151515,400.08,389.0769230769231,4.125,3.9375,4.3125,1.0,1.0,1.5625,4.3125,4.1875,4.6875,0,female,right,396.018018018018,56,-20,-12,-252.72692375123984,0.7457760533310417,-0.2652645610906589,-0.1710217522623549,4.125,4.395833333333333,1.1875,0.9791666666666665,1.1666666666666665,-2.1458333333333335,0.8958333333333335,1.1458333333333335,-2.0416666666666665,0.7916666666666665,1.1666666666666665,-1.9583333333333335,0.8888888888888893,1.1597222222222223,-2.0486111111111107
2,2_50,50,504.3846153846154,587.2173913043479,560.1904761904761,604.0,575.76,513.96875,2.75,2.5,4.0625,1.5,1.0625,3.3125,2.125,2.0,3.125,26,male,left,802.9711538461538,100,-46,-11,154.226212076896,0.9596492965001736,-0.3916052748168179,-0.0797260899235102,3.1041666666666665,2.4166666666666665,1.9583333333333333,0.625,0.0,-0.625,0.6458333333333333,0.14583333333333326,-0.7916666666666667,0.5625,-0.375,-0.1875,0.6111111111111112,-0.07638888888888884,-0.5347222222222221
2,2_51,51,422.0,543.16,435.2083333333333,459.0,485.6,478.08,4.5,4.4375,4.4375,1.0,1.0,1.0,4.4375,4.4375,4.4375,23,female,right,344.0980392156863,37,43,-58,-304.6469025535715,0.4270115204209245,0.4693437979925202,-0.4657422766009121,4.458333333333333,4.4375,1.0,1.1875,1.125,-2.3125,1.1458333333333335,1.1458333333333335,-2.2916666666666665,1.1458333333333335,1.1458333333333335,-2.2916666666666665,1.1597222222222223,1.1388888888888893,-2.2986111111111107
2,2_52,52,493.5384615384615,532.4,488.1071428571428,529.7083333333334,566.24,505.4230769230769,5.25,2.5,4.0625,2.625,2.125,3.5625,4.875,2.8125,4.125,25,male,right,756.394495412844,36,17,34,107.64955364358616,0.471550270963377,0.2531725904686241,0.4463507369664291,3.9375,3.9375,2.7708333333333335,1.0,0.625,-1.625,0.02083333333333348,0.3333333333333335,-0.3541666666666665,0.14583333333333348,0.20833333333333348,-0.3541666666666665,0.38888888888888884,0.38888888888888884,-0.7777777777777777
2,2_54,54,682.7037037037037,640.04,675.9545454545455,694.96,685.6153846153846,715.1851851851852,7.0,1.0,1.0,1.0,1.0,1.0,5.125,1.0,1.625,22,female,right,587.1714285714286,12,39,46,-61.57351319782924,0.1041650429328052,0.2887472083194667,0.3807015436713853,3.0,2.5833333333333335,1.0,2.625,0.75,-3.375,0.0,0.0,0.0,-0.20833333333333326,0.41666666666666674,-0.20833333333333326,0.8055555555555554,0.38888888888888884,-1.1944444444444446
2,2_55,55,493.125,527.6785714285714,543.4444444444445,553.3571428571429,560.56,509.6296296296296,2.75,2.75,2.75,1.1875,1.125,1.1875,1.8125,1.8125,1.8125,22,female,right,933.6756756756756,60,-34,33,284.9307339064178,0.6522427710565702,-0.316368458012723,0.3154033892359742,2.75,1.8125,1.1666666666666667,0.8333333333333333,-0.10416666666666674,-0.7291666666666667,0.8541666666666667,-0.08333333333333326,-0.7708333333333333,0.8333333333333333,-0.10416666666666674,-0.7291666666666667,0.8402777777777777,-0.09722222222222232,-0.7430555555555556
2,2_56,56,401.0,382.3913043478261,439.45,425.9047619047619,431.8846153846154,395.3548387096774,6.875,5.1875,5.9375,1.375,1.3125,1.625,4.875,1.75,3.0625,22,male,right,619.8952380952381,25,-44,49,-28.84970367401968,0.418284589743481,-0.5552878052675082,0.6213012149254886,6.0,3.2291666666666665,1.4375,2.5,0.5,-3.0,2.4375,-1.0,-1.4375,2.3958333333333335,-0.4791666666666665,-1.9166666666666665,2.4444444444444446,-0.32638888888888884,-2.1180555555555554
2,2_57,57,372.0,381.5,418.08,398.2222222222222,425.32,392.4166666666667,1.0,6.125,5.25,1.0,6.9375,2.625,1.0625,5.875,2.375,21,male,right,345.1142857142857,26,-26,44,-303.6306560549721,0.4249532904341706,-0.3893696732546708,0.5331135498819146,4.125,3.1041666666666665,3.5208333333333335,-0.02083333333333326,0.04166666666666674,-0.02083333333333326,-0.1875,-0.4375,0.625,1.8333333333333335,-1.0416666666666665,-0.7916666666666665,0.5416666666666665,-0.47916666666666696,-0.0625
2,2_58,58,516.4137931034483,458.6923076923077,438.8064516129032,483.84,503.5769230769231,473.7368421052632,5.6875,5.5,6.0,1.5625,1.625,4.125,4.1875,2.875,1.8125,20,male,right,430.5504587155963,-33,35,45,-218.1944830536616,-0.3237884923690012,0.5637165374504158,0.605096550389,5.729166666666667,2.9583333333333335,2.4375,1.875,0.375,-2.25,2.1666666666666665,-0.4583333333333335,-1.7083333333333335,2.0208333333333335,-2.1666666666666665,0.14583333333333348,2.0208333333333335,-0.75,-1.2708333333333335
2,2_60,60,430.8333333333333,495.28,466.3478260869565,478.047619047619,511.8,432.1333333333333,6.375,1.125,1.875,1.625,1.625,1.8125,6.0625,1.125,1.875,22,male,left,544.5833333333334,47,-34,17,-104.16160843592444,0.6039503568969085,-0.3970004170616061,0.1669583141021418,3.125,3.0208333333333335,1.6875,1.6875,1.375,-3.0625,-0.16666666666666674,-0.16666666666666674,0.33333333333333326,0.02083333333333326,0.02083333333333326,-0.04166666666666674,0.5138888888888888,0.4097222222222223,-0.9236111111111112
2,2_61,61,456.1666666666667,504.8260869565217,476.6956521739131,485.1111111111111,423.7619047619048,440.3793103448276,6.625,3.8125,4.1875,1.0,1.0,1.0,7.0,4.1875,4.1875,21,female,right,831.675925925926,29,-36,-81,182.93098415666816,0.268142083891963,-0.4030505752304443,-0.680761300923584,4.875,5.125,1.0,1.75,2.125,-3.875,0.8125,1.1875,-2.0,1.0625,1.0625,-2.125,1.2083333333333335,1.4583333333333335,-2.6666666666666665
2,2_62,62,505.6666666666667,636.0384615384615,540.1481481481482,520.5172413793103,630.625,525.08,4.0,4.0,4.125,4.8125,4.6875,4.6875,3.5625,3.875,3.8125,23,female,right,1427.468468468468,15,-15,-5,778.7235266992102,0.2377047739727865,-0.166221318684074,-0.0489177675555605,4.041666666666667,3.75,4.729166666666667,-0.125,-0.5625,0.6875,-0.1875,-0.3125,0.5,-0.08333333333333304,-0.39583333333333304,0.47916666666666696,-0.13194444444444464,-0.4236111111111116,0.5555555555555554
2,2_63,63,623.3125,614.695652173913,609.3,622.6875,636.92,600.8,1.6875,1.625,1.6875,1.125,1.125,1.3125,2.5,2.5625,2.5,20,female,right,829.9708737864078,-1,-8,22,181.22593201715,-0.00458830745372,-0.0630300238774828,0.147528190856969,1.6666666666666667,2.5208333333333335,1.1875,-0.08333333333333326,0.7291666666666667,-0.6458333333333333,-0.14583333333333326,0.7916666666666667,-0.6458333333333333,-0.14583333333333326,0.6666666666666667,-0.5208333333333333,-0.125,0.7291666666666667,-0.6041666666666667
2,2_64,64,499.0625,581.3571428571429,472.7407407407408,517.7142857142857,507.2,538.28,3.8125,3.875,3.75,2.125,1.9375,2.125,2.1875,2.1875,2.25,23,female,right,406.8181818181818,19,66,-74,-241.926759951076,0.15309741098024,0.7210600443072125,-0.520309651871094,3.8125,2.2083333333333335,2.0625,1.1041666666666665,-0.5208333333333335,-0.5833333333333335,1.2083333333333335,-0.4791666666666665,-0.7291666666666665,1.0416666666666665,-0.4583333333333335,-0.5833333333333335,1.1180555555555554,-0.48611111111111116,-0.6319444444444446
2,2_67,67,662.45,750.48,636.304347826087,677.9130434782609,751.4,728.12,1.5,1.5,3.25,2.375,1.9375,3.0625,1.6875,2.125,2.8125,21,female,right,1272.073684210526,15,92,1,623.3287424412681,0.1246660988235885,0.5449212900812082,0.0062195646104128,2.0833333333333335,2.2083333333333335,2.4583333333333335,-0.35416666666666674,-0.16666666666666674,0.5208333333333333,-0.35416666666666674,0.27083333333333326,0.08333333333333326,0.20833333333333348,-0.22916666666666652,0.02083333333333348,-0.16666666666666652,-0.04166666666666652,0.20833333333333348
2,2_68,68,450.6923076923077,434.4583333333333,426.8,396.64,408.3478260869565,392.4615384615385,2.25,5.375,2.8125,3.0,4.625,4.1875,4.0,5.8125,4.5625,25,female,right,320.8240740740741,-54,-34,-26,-327.92086769518374,-0.6201563141026841,-0.4893256678786213,-0.3995828345396034,3.4791666666666665,4.791666666666667,3.9375,-0.8333333333333335,0.9166666666666665,-0.08333333333333348,0.10416666666666696,0.541666666666667,-0.645833333333333,-1.0416666666666665,0.7083333333333335,0.3333333333333335,-0.5902777777777781,0.7222222222222223,-0.13194444444444464
2,2_69,69,395.8,426.4,424.2333333333333,427.8888888888889,426.68,381.6363636363636,4.75,4.625,4.8125,3.5625,3.4375,3.375,4.9375,4.6875,4.6875,21,female,right,581.0094339622641,32,-43,0,-67.73550780699372,0.3637968436171725,-0.5163132832138279,0.0030242910124926,4.729166666666667,4.770833333333333,3.4583333333333335,0.33333333333333304,0.520833333333333,-0.854166666666667,0.375,0.4375,-0.8125,0.520833333333333,0.39583333333333304,-0.916666666666667,0.4097222222222223,0.4513888888888884,-0.8611111111111112
2,2_70,70,388.7407407407408,390.6923076923077,394.8518518518518,376.4230769230769,391.5555555555555,384.32,2.125,4.6875,4.9375,1.0625,4.6875,1.9375,1.1875,5.0,1.625,21,female,right,264.3577981651376,-12,-11,1,-384.3871436041202,-0.2693403278084565,-0.1817756627619163,0.0111041628003793,3.9166666666666665,2.6041666666666665,2.5625,0.6666666666666667,-0.27083333333333326,-0.39583333333333326,-0.10416666666666696,0.20833333333333304,-0.10416666666666696,2.1041666666666665,-1.2083333333333335,-0.8958333333333335,0.8888888888888893,-0.4236111111111107,-0.46527777777777724
3,3_1,1,424.0,447.0,449.0454545454546,456.3703703703704,482.88,413.7931034482759,3.1875,1.5625,3.9375,1.0,1.0,3.0625,2.6875,1.1875,3.875,20,female,right,520.9722222222222,32,-35,36,-124.57015071155388,0.5247822423962634,-0.6148985265864129,0.413251445750084,2.8958333333333335,2.5833333333333335,1.6875,0.8958333333333335,0.3958333333333335,-1.2916666666666665,0.3125,-0.0625,-0.25,0.3125,0.25,-0.5625,0.5069444444444446,0.19444444444444464,-0.7013888888888888
3,3_2,2,521.25,533.36,583.92,601.4827586206897,538.9615384615385,524.5384615384615,1.3125,1.125,2.0,1.0,1.0,1.375,1.3125,1.9375,1.625,21,female,right,771.9633027522935,80,-59,6,126.4209298185175,1.0669347825781528,-0.7679216887645772,0.0491417537804324,1.4791666666666667,1.625,1.125,0.10416666666666674,0.10416666666666674,-0.20833333333333326,-0.22916666666666674,0.5833333333333333,-0.35416666666666674,0.33333333333333326,-0.04166666666666674,-0.29166666666666674,0.06944444444444442,0.21527777777777768,-0.2847222222222223
3,3_3,3,419.0,485.0769230769231,410.32,477.52,474.4230769230769,454.5555555555555,6.125,6.1875,6.0,1.75,1.6875,4.6875,2.375,2.5,3.0625,19,female,right,505.3981481481482,59,44,-11,-140.14422478562784,0.7246657468911262,0.5964850081066944,-0.1202352073349318,6.104166666666667,2.6458333333333335,2.7083333333333335,2.7083333333333335,-1.0416666666666665,-1.6666666666666665,2.7291666666666665,-0.9583333333333335,-1.7708333333333335,1.416666666666667,-1.520833333333333,0.10416666666666696,2.2847222222222223,-1.1736111111111112,-1.1111111111111112
3,3_4,4,451.2962962962963,413.92,461.4230769230769,481.9259259259259,411.8461538461539,432.4642857142857,2.5,2.3125,5.25,2.375,2.3125,5.0,2.75,2.25,4.6875,21,male,left,585.0089285714286,31,-29,-2,-60.533444362347495,0.4818298731599343,-0.560581183375872,-0.0366889467751634,3.3541666666666665,3.2291666666666665,3.2291666666666665,-0.04166666666666652,0.20833333333333348,-0.16666666666666652,0.02083333333333348,-0.04166666666666652,0.02083333333333348,0.27083333333333304,-0.29166666666666696,0.020833333333333037,0.08333333333333304,-0.04166666666666696,-0.04166666666666696
3,3_5,5,453.1904761904762,562.7916666666666,453.1,457.24,515.7307692307693,459.4137931034483,6.9375,6.625,6.5625,1.0,1.0,2.5,7.0,2.875,2.6875,21,female,right,747.29,4,6,-47,101.74762706622391,0.0358759204062418,0.0636032031099535,-0.3613315803056983,6.708333333333333,4.1875,1.5,1.958333333333333,2.020833333333333,-3.979166666666667,3.125,-0.625,-2.5,2.6458333333333335,-1.2291666666666665,-1.4166666666666665,2.5763888888888893,0.055555555555556246,-2.6319444444444438
3,3_6,6,497.5217391304348,491.16,474.4444444444445,531.4,549.5769230769231,501.9130434782609,2.0,2.0625,3.9375,2.125,2.0625,4.5,2.0,1.9375,4.5625,21,female,right,942.0095238095238,34,27,58,296.46715087574773,0.3194333132026922,0.3608667594738136,0.5181217676505977,2.6666666666666665,2.8333333333333335,2.8958333333333335,-0.04166666666666652,-0.04166666666666652,0.08333333333333348,0.04166666666666652,-0.08333333333333348,0.04166666666666652,-0.39583333333333304,0.22916666666666696,0.16666666666666696,-0.13194444444444464,0.03472222222222232,0.09722222222222232
3,3_7,7,390.15,393.5416666666667,409.6785714285714,368.8181818181818,459.64,407.6521739130435,2.125,2.0625,1.875,1.9375,1.5,2.0625,2.6875,2.5625,2.6875,22,male,right,910.7878787878788,-21,-2,66,265.2455058541027,-0.3296048996459882,-0.0250943227194597,0.7044660788922196,2.0208333333333335,2.6458333333333335,1.8333333333333333,-0.125,0.4375,-0.3125,0.02083333333333348,0.5208333333333335,-0.5416666666666665,-0.3333333333333335,0.4791666666666665,-0.14583333333333348,-0.14583333333333304,0.47916666666666696,-0.33333333333333326
3,3_8,8,418.5185185185185,458.5217391304348,450.2777777777778,438.2692307692308,484.0,426.3611111111111,4.3125,5.4375,4.4375,3.3125,5.0625,3.625,3.4375,5.0,3.25,20,male,right,594.9464285714286,20,-24,25,-50.595944362347495,0.3716408932992831,-0.4121656118155703,0.3071393407308772,4.729166666666667,3.8958333333333335,4.0,0.625,-0.25,-0.375,0.27083333333333304,-0.16666666666666696,-0.10416666666666696,0.6666666666666665,-0.5208333333333335,-0.14583333333333348,0.5208333333333339,-0.31249999999999956,-0.20833333333333304
3,3_9,9,655.875,674.56,599.5384615384615,660.4285714285714,633.7,680.3913043478261,2.0625,5.6875,2.75,2.375,4.9375,3.5,1.875,4.9375,4.4375,26,female,right,691.8095238095239,5,81,-41,46.2671508757478,0.0258918013395083,0.4158911856823366,-0.2447881220986855,3.5,3.75,3.6041666666666665,-0.04166666666666652,-0.22916666666666652,0.2708333333333335,0.5,-0.25,-0.25,-0.8125,0.875,-0.0625,-0.11805555555555536,0.13194444444444464,-0.01388888888888884
3,3_12,12,715.75,617.0769230769231,683.6190476190476,768.5833333333334,663.4090909090909,716.7,3.375,3.0625,3.75,2.875,2.5625,3.875,2.75,2.5,3.1875,21,female,right,1567.619047619048,53,33,46,922.076674685272,0.3648404495516928,0.1725124458805003,0.268588189559436,3.3958333333333335,2.8125,3.1041666666666665,0.375,-0.25,-0.125,0.3541666666666665,-0.20833333333333348,-0.14583333333333348,0.14583333333333348,-0.4166666666666665,0.2708333333333335,0.29166666666666696,-0.2916666666666665,0.0
3,3_13,13,485.0,428.3928571428572,510.8846153846154,489.9166666666667,449.375,541.7037037037037,3.4375,3.625,5.125,2.625,2.3125,2.875,2.9375,3.0,3.625,27,male,right,662.072072072072,5,31,21,16.529699138295996,0.0546061165649819,0.25975525592469,0.2996261083987253,4.0625,3.1875,2.6041666666666665,0.4375,-0.0625,-0.375,0.6458333333333335,0.02083333333333348,-0.6666666666666665,1.25,-0.25,-1.0,0.7777777777777781,-0.09722222222222188,-0.6805555555555554
3,3_16,16,477.4333333333333,511.5217391304348,560.0952380952381,528.5652173913044,541.9285714285714,449.0333333333334,2.75,2.8125,2.6875,1.0625,1.0625,1.125,2.3125,2.3125,2.4375,31,female,right,795.8288288288288,51,-111,30,150.28645589505277,0.5782231655572742,-1.9222049009186937,0.347946858105871,2.75,2.3541666666666665,1.0833333333333333,0.7083333333333335,0.2708333333333335,-0.9791666666666665,0.75,0.25,-1.0,0.6041666666666665,0.3541666666666665,-0.9583333333333335,0.6875000000000004,0.29166666666666696,-0.9791666666666663
3,3_17,17,392.21875,400.9230769230769,409.5172413793103,428.0909090909091,419.4782608695652,377.1363636363636,3.0,3.0,3.125,1.9375,1.9375,2.25,2.375,2.125,2.3125,25,female,right,395.0740740740741,36,-32,19,-250.468298859702,0.505305982071679,-0.5217961853900301,0.2430113513697172,3.0416666666666665,2.2708333333333335,2.0416666666666665,0.5625,-0.0625,-0.5,0.6458333333333335,-0.22916666666666652,-0.4166666666666665,0.5625,-0.25,-0.3125,0.5902777777777777,-0.18055555555555536,-0.4097222222222223
3,3_18,18,387.0344827586207,414.375,410.0,402.64,454.0384615384615,405.4444444444445,2.5625,2.6875,2.375,1.75,2.125,1.875,2.4375,2.6875,2.4375,23,male,right,331.4311926605504,16,-5,40,-314.11118027322567,0.2520079807913912,-0.0688409710185237,0.4100688954338088,2.5416666666666665,2.5208333333333335,1.9166666666666667,0.3125,0.1875,-0.5,0.1875,0.1875,-0.375,0.14583333333333348,0.20833333333333348,-0.3541666666666665,0.21527777777777768,0.19444444444444464,-0.4097222222222221
3,3_19,19,383.6521739130435,392.5652173913044,389.3,399.1481481481482,420.3461538461539,364.0689655172414,3.375,3.4375,3.375,1.8125,1.75,1.75,3.0625,3.1875,3.5625,22,female,right,286.4857142857143,15,-25,28,-359.0566586480617,0.2709618683247525,-0.4394964652597027,0.4452233514936659,3.3958333333333335,3.2708333333333335,1.7708333333333333,0.625,0.3125,-0.9375,0.6458333333333335,0.3958333333333335,-1.0416666666666665,0.4791666666666665,0.6666666666666665,-1.1458333333333335,0.5833333333333335,0.4583333333333335,-1.0416666666666667
3,3_20,20,498.16,436.3461538461539,533.8461538461538,458.6,440.0,417.3,1.125,1.0,3.5,1.0,1.25,4.125,1.125,1.125,3.75,19,female,right,574.5148514851485,-40,-117,4,-71.02752144862757,-0.4574089535681726,-1.4156035439989765,0.0437540881267418,1.875,2.0,2.125,0.04166666666666674,0.04166666666666674,-0.08333333333333326,-0.125,0.0,0.125,-0.2916666666666665,-0.04166666666666652,0.3333333333333335,-0.125,0.0,0.125
3,3_22,22,337.8928571428572,432.1363636363636,397.9333333333333,376.9545454545454,413.6086956521739,353.3809523809524,3.5625,3.3125,3.75,2.0,1.9375,1.9375,3.375,3.4375,3.375,23,male,right,514.6981132075472,39,-45,-19,-130.84425972622887,0.6011215378254097,-0.7046348752955739,-0.1783294091230822,3.5416666666666665,3.3958333333333335,1.9583333333333333,0.5833333333333335,0.3958333333333335,-0.9791666666666665,0.4166666666666665,0.5416666666666665,-0.9583333333333335,0.7291666666666665,0.3541666666666665,-1.0833333333333335,0.5763888888888884,0.43055555555555536,-1.0069444444444449
3,3_23,23,497.7142857142857,455.5,505.8846153846154,488.3448275862069,505.6,511.4074074074074,5.875,5.8125,5.9375,3.125,1.0,4.0625,1.875,2.125,1.9375,23,female,right,621.3211009174312,-9,6,50,-24.22127201634487,-0.1267540217334386,0.0783228892144763,0.515058221488406,5.875,1.9791666666666667,2.7291666666666665,2.25,-1.75,-0.5,2.8333333333333335,-0.8541666666666665,-1.9791666666666665,1.9583333333333335,-2.0416666666666665,0.08333333333333348,2.347222222222222,-1.5486111111111114,-0.7986111111111116
3,3_25,25,474.962962962963,483.037037037037,470.5925925925926,472.2307692307692,490.0,465.3913043478261,2.125,4.125,3.125,1.9375,4.1875,1.6875,1.75,4.0625,2.75,24,female,right,406.9907407407408,-3,-5,7,-238.55163219303523,-0.0506562374621676,-0.0887893782542369,0.1368777905298367,3.125,2.8541666666666665,2.6041666666666665,0.1875,-0.1875,0.0,0.0,-0.0625,0.0625,0.6041666666666665,0.22916666666666652,-0.8333333333333335,0.2638888888888893,-0.006944444444444198,-0.2569444444444442
3,3_27,27,454.2222222222222,486.0,443.1923076923077,439.7692307692308,489.1153846153846,458.3703703703704,4.875,4.6875,4.6875,4.0625,4.125,4.1875,4.0625,4.0625,4.4375,21,female,right,452.7589285714286,-14,15,3,-192.78344436234744,-0.1881834111604894,0.2222726707391775,0.0362561963000617,4.75,4.1875,4.125,0.541666666666667,-0.27083333333333304,-0.27083333333333304,0.39583333333333304,-0.22916666666666696,-0.16666666666666696,0.25,0.0,-0.25,0.39583333333333304,-0.16666666666666696,-0.22916666666666696
3,3_28,28,430.9285714285714,463.2307692307692,440.75,445.1666666666667,478.8461538461539,418.6363636363636,3.0625,3.0625,3.0625,2.6875,2.9375,2.8125,2.9375,2.9375,2.9375,25,female,right,423.9633027522936,14,-22,16,-221.57907018148245,0.2044727712851413,-0.2927876050798224,0.1546198948064326,3.0625,2.9375,2.8125,0.16666666666666652,0.04166666666666652,-0.20833333333333348,0.08333333333333348,-0.04166666666666652,-0.04166666666666652,0.125,0.0,-0.125,0.125,0.0,-0.125
3,3_29,29,601.76,610.0,624.9230769230769,675.4230769230769,600.8148148148148,619.1111111111111,1.375,1.375,1.375,1.0625,1.1875,2.3125,1.875,1.5,2.9375,45,female,right,857.6454545454545,74,-6,-9,212.10308161167848,0.6119268122253615,-0.0548487008895047,-0.089142441227448,1.375,2.1041666666666665,1.5208333333333333,-0.0625,0.4375,-0.375,0.02083333333333326,0.14583333333333326,-0.16666666666666674,-0.8333333333333335,0.7291666666666665,0.10416666666666652,-0.29166666666666674,0.4374999999999998,-0.14583333333333348
3,3_30,30,670.7333333333333,664.48,705.125,704.9166666666666,679.8148148148148,647.6428571428571,3.75,3.8125,3.0,1.0625,1.1875,3.5625,3.6875,3.625,2.1875,19,female,right,759.0727272727273,34,-57,15,113.53035433895128,0.3291028708253479,-0.495258624531369,0.1317625941610893,3.5208333333333335,3.1666666666666665,1.9375,0.9166666666666665,0.8541666666666665,-1.7708333333333335,0.9375,0.75,-1.6875,0.08333333333333348,-0.7291666666666665,0.6458333333333335,0.6458333333333335,0.2916666666666665,-0.9375
3,3_33,33,598.8695652173913,646.7692307692307,593.1923076923077,634.0909090909091,657.2083333333334,643.5909090909091,6.4375,1.125,5.3125,1.0,1.0,5.125,5.6875,1.75,2.75,19,female,right,1031.592233009709,35,50,10,386.0498600759329,0.3044345458862275,0.4403158623387548,0.0735557589895204,4.291666666666667,3.3958333333333335,2.375,2.0625,1.3125,-3.375,-0.16666666666666674,0.45833333333333326,-0.29166666666666674,0.916666666666667,-1.645833333333333,0.729166666666667,0.9375000000000004,0.04166666666666696,-0.9791666666666665
3,3_41,41,496.8666666666667,545.0,585.6153846153846,616.6428571428571,647.3333333333334,475.0,1.625,1.625,1.625,1.0,1.0,1.0,1.6875,1.6875,1.6875,24,female,right,540.242718446602,120,-111,102,-105.29965448717404,1.1362406976437658,-0.9332746586038108,0.6866661437646592,1.625,1.6875,1.0,0.1875,0.25,-0.4375,0.1875,0.25,-0.4375,0.1875,0.25,-0.4375,0.1875,0.25,-0.4375
3,3_42,42,489.3125,489.7307692307692,556.4814814814815,532.3181818181819,542.5185185185185,448.5769230769231,5.9375,5.9375,5.9375,1.625,1.625,1.625,3.75,3.75,3.75,22,female,right,513.2232142857143,43,-108,53,-132.31915864806172,0.4612030534938852,-0.9608558689367668,0.3709171651734927,5.9375,3.75,1.625,2.1666666666666665,-0.02083333333333348,-2.1458333333333335,2.1666666666666665,-0.02083333333333348,-2.1458333333333335,2.1666666666666665,-0.02083333333333348,-2.1458333333333335,2.1666666666666665,-0.02083333333333348,-2.1458333333333335
3,3_43,43,598.9285714285714,637.9230769230769,647.75,679.304347826087,677.5652173913044,656.9666666666667,3.8125,3.8125,4.375,1.0625,1.0,1.5,2.3125,2.3125,2.625,21,female,right,896.622641509434,80,9,40,251.0802685756579,0.6548598161531138,0.0814008443390218,0.4196336697521957,4.0,2.4166666666666665,1.1875,1.4166666666666665,-0.08333333333333348,-1.3333333333333335,1.4375,-0.0625,-1.375,1.5416666666666665,-0.20833333333333348,-1.3333333333333335,1.4652777777777781,-0.11805555555555536,-1.3472222222222219
3,3_44,44,420.5925925925926,454.2307692307692,433.8518518518518,491.4074074074074,470.6,443.52,6.25,3.75,6.25,1.625,1.625,3.875,4.5,1.5625,2.1875,20,male,right,427.9375,71,10,16,-217.60487293377605,0.944270110032974,0.1595275201540476,0.2464005146153047,5.416666666666667,2.75,2.375,2.125,0.375,-2.5,1.4375,-0.75,-0.6875,2.145833333333333,-1.916666666666667,-0.22916666666666696,1.9027777777777777,-0.7638888888888893,-1.1388888888888893
3,3_45,45,609.75,558.2173913043479,583.4583333333334,564.05,637.55,587.25,5.125,6.625,5.3125,5.0625,5.875,5.4375,5.375,5.75,4.875,24,male,right,811.3,-46,4,79,165.7576270662239,-0.3401387413846555,0.0262345963158767,0.5906844377633297,5.6875,5.333333333333333,5.458333333333333,-0.0625,0.1875,-0.125,0.541666666666667,-0.33333333333333304,-0.20833333333333304,0.10416666666666696,-0.33333333333333304,0.22916666666666696,0.19444444444444553,-0.15972222222222143,-0.03472222222222143
3,3_46,46,450.7037037037037,503.84,493.6666666666667,516.3214285714286,512.7407407407408,485.0740740740741,1.375,1.375,1.375,1.0625,1.0625,1.0625,1.75,1.75,1.75,22,female,right,491.1071428571428,66,-9,9,-154.43523007663327,0.725617531498839,-0.0870204089144757,0.0899023861910975,1.375,1.75,1.0625,-0.02083333333333326,0.35416666666666674,-0.33333333333333326,-0.02083333333333326,0.35416666666666674,-0.33333333333333326,-0.02083333333333326,0.35416666666666674,-0.33333333333333326,-0.02083333333333326,0.35416666666666674,-0.33333333333333326
3,3_47,47,585.1904761904761,614.8636363636364,575.9565217391304,555.8888888888889,617.44,511.2916666666667,4.9375,5.5,5.125,5.3125,6.0,4.9375,4.375,5.6875,4.9375,26,female,right,615.1287128712871,-29,-65,3,-30.41366006248893,-0.2179106130640146,-0.4930763916133594,0.0189223244659689,5.1875,5.0,5.416666666666667,0.0625,-0.5,0.4375,-0.22916666666666696,-0.04166666666666696,0.27083333333333304,0.125,-0.0625,-0.0625,-0.013888888888889284,-0.20138888888888928,0.21527777777777768
3,3_48,48,701.1111111111111,762.0909090909091,614.9166666666666,711.7916666666666,797.2083333333334,722.28,6.625,6.25,1.375,1.0,1.0,1.0,6.25,2.125,1.0,31,male,left,778.2924528301887,11,107,35,132.75007989641267,0.0592219988919772,0.766129963636509,0.1709166506227502,4.75,3.125,1.0,2.0,1.625,-3.625,3.125,-1.0,-2.125,0.25,-0.125,-0.125,1.7916666666666665,0.16666666666666652,-1.9583333333333335
3,3_49,49,482.7083333333333,491.8888888888889,496.24,475.56,497.3333333333333,488.6296296296296,3.375,5.6875,5.0625,1.8125,4.9375,2.5,2.9375,5.5,2.5,21,female,right,509.2336448598131,-7,-8,5,-136.30872807396293,-0.1213236278264135,-0.1203290601640931,0.0611522565543118,4.708333333333333,3.6458333333333335,3.0833333333333335,0.6666666666666665,0.22916666666666652,-0.8958333333333335,0.3125,0.125,-0.4375,1.7083333333333335,-0.8541666666666665,-0.8541666666666665,0.895833333333333,-0.16666666666666652,-0.7291666666666665
3,3_50,50,409.037037037037,466.2962962962963,428.8846153846154,465.24,456.125,434.2857142857143,3.9375,4.8125,2.75,1.375,1.3125,1.3125,1.5,1.5,1.0,20,female,right,404.3423423423424,56,5,-10,-241.20003059143363,0.7607570899302987,0.0691792484623379,-0.1133438254612249,3.8333333333333335,1.3333333333333333,1.3333333333333333,1.6666666666666665,-0.7708333333333335,-0.8958333333333335,2.2708333333333335,-1.0416666666666665,-1.2291666666666665,1.0625,-0.6875,-0.375,1.666666666666667,-0.8333333333333333,-0.8333333333333333
3,3_52,52,461.4615384615385,456.76,492.5,496.2173913043478,473.6666666666667,511.9565217391304,4.75,4.9375,4.75,4.125,3.875,5.625,3.5625,3.0625,3.6875,22,female,right,1219.0,35,19,17,573.457627066224,0.4093607688659132,0.1693945396894571,0.2159413728048313,4.8125,3.4375,4.541666666666667,0.604166666666667,-0.583333333333333,-0.020833333333333037,0.9791666666666665,-0.8958333333333335,-0.08333333333333348,0.0625,-1.0,0.9375,0.5486111111111107,-0.8263888888888893,0.2777777777777777
3,3_54,54,447.8,487.1481481481482,527.0952380952381,497.6333333333333,555.8518518518518,479.8787878787879,1.3125,1.25,1.375,1.0,1.0,1.0625,2.3125,2.5,2.625,31,female,right,421.2636363636364,50,-47,69,-224.27873657013964,0.8480141311002074,-0.5216109704780308,0.7240174661204446,1.3125,2.4791666666666665,1.0208333333333333,-0.22916666666666674,0.7708333333333333,-0.5416666666666667,-0.33333333333333326,0.9166666666666667,-0.5833333333333333,-0.3125,0.9375,-0.625,-0.29166666666666674,0.8749999999999998,-0.5833333333333335
3,3_55,55,507.5909090909091,543.84,526.6666666666666,554.5357142857143,551.12,497.1666666666667,1.0,1.0,1.0,1.0625,1.0625,1.0625,1.9375,1.875,1.8125,24,female,right,524.7428571428571,47,-29,7,-120.79951579091892,0.4555314298895093,-0.3682695448557625,0.0698111940882791,1.0,1.875,1.0625,-0.33333333333333326,0.6041666666666667,-0.27083333333333326,-0.3125,0.5625,-0.25,-0.29166666666666674,0.5208333333333333,-0.22916666666666674,-0.3125,0.5625,-0.25
3,3_56,56,495.52,587.2692307692307,592.0,515.0344827586207,578.08,507.7037037037037,2.375,2.3125,2.9375,1.5625,1.625,2.125,2.1875,2.0625,2.4375,24,male,right,560.8348623853211,20,-84,-9,-84.70751054845493,0.2188616632916396,-0.7478813191164064,-0.0830167857708952,2.5416666666666665,2.2291666666666665,1.7708333333333333,0.3333333333333335,0.14583333333333348,-0.4791666666666665,0.3125,0.0625,-0.375,0.4375,-0.0625,-0.375,0.36111111111111116,0.04861111111111116,-0.4097222222222221
3,3_57,57,520.4761904761905,501.96,532.5384615384615,552.0,593.4,519.5,3.8125,3.75,3.6875,2.0,1.9375,2.0,3.1875,3.125,3.1875,28,female,right,514.9591836734694,32,-13,91,-130.58318926030665,0.2557890824175995,-0.1060103055855546,0.8615155212994111,3.75,3.1666666666666665,1.9791666666666667,0.8125,0.1875,-1.0,0.8125,0.1875,-1.0,0.7291666666666665,0.22916666666666652,-0.9583333333333335,0.7847222222222228,0.20138888888888928,-0.9861111111111105
3,3_58,58,461.0769230769231,480.4347826086956,480.1481481481482,474.5416666666667,478.5,461.5185185185185,1.3125,3.6875,1.6875,1.5,3.875,1.375,1.125,4.375,1.1875,23,male,right,442.7614678899083,13,-19,-2,-202.78090504386773,0.2534642368065956,-0.3125998252375209,-0.041146340615729,2.2291666666666665,2.2291666666666665,2.25,0.0,-0.1875,0.1875,-0.2916666666666665,0.3958333333333335,-0.10416666666666652,0.27083333333333326,-0.22916666666666674,-0.04166666666666674,-0.006944444444444642,-0.006944444444444642,0.01388888888888884
3,3_59,59,560.4782608695652,525.8076923076923,512.9354838709677,576.9354838709677,536.1538461538462,503.4285714285714,3.875,3.9375,3.8125,2.0625,2.0625,2.8125,4.75,4.6875,4.5625,20,female,right,487.8648648648648,16,-10,10,-157.6775080689113,0.1227277456798877,-0.1081203906669919,0.0965750539707289,3.875,4.666666666666667,2.3125,0.3125,1.1875,-1.5,0.375,1.125,-1.5,0.08333333333333348,0.8333333333333335,-0.9166666666666665,0.2569444444444442,1.0486111111111112,-1.3055555555555558
3,3_60,60,428.2307692307692,437.7692307692308,461.8846153846154,443.1153846153846,476.72,437.1923076923077,4.375,4.375,4.3125,3.625,3.625,3.6875,3.8125,3.8125,3.8125,21,female,right,297.5945945945946,15,-25,39,-347.94777833918147,0.2380753777201144,-0.3781912343608272,0.5197410025848336,4.354166666666667,3.8125,3.6458333333333335,0.4375,-0.125,-0.3125,0.4375,-0.125,-0.3125,0.375,-0.125,-0.25,0.4166666666666665,-0.12500000000000044,-0.29166666666666696
3,3_61,61,648.52,600.2105263157895,638.6538461538462,664.5,605.6666666666666,670.36,4.4375,4.5,4.5625,1.5625,1.5625,1.875,2.75,2.625,2.5625,33,female,right,1004.144230769231,16,32,5,358.6018578354549,0.114732083002368,0.2771951382391377,0.0387942909042591,4.5,2.6458333333333335,1.6666666666666667,1.5208333333333335,-0.16666666666666652,-1.3541666666666665,1.6041666666666665,-0.2708333333333335,-1.3333333333333335,1.5625,-0.4375,-1.125,1.5625,-0.2916666666666665,-1.2708333333333333
3,3_62,62,579.4074074074074,563.0384615384615,575.5555555555555,589.9285714285714,588.4615384615385,586.4615384615385,4.75,4.125,5.0,3.5,3.4375,4.3125,3.5,3.25,4.3125,20,female,left,626.3303571428571,11,11,25,-19.21201579091894,0.1444015323673734,0.1721852274434402,0.3432346840517304,4.625,3.6875,3.75,0.8333333333333335,-0.4166666666666665,-0.4166666666666665,0.5208333333333335,-0.3541666666666665,-0.16666666666666652,0.45833333333333304,-0.22916666666666696,-0.22916666666666696,0.604166666666667,-0.33333333333333304,-0.27083333333333304
3,3_63,63,591.2307692307693,595.5384615384615,640.9655172413793,578.5769230769231,619.6666666666666,610.55,5.625,2.375,2.9375,1.0,1.0625,1.6875,6.75,2.4375,3.25,36,female,right,1065.878504672897,-13,-30,24,420.3361317391209,-0.0967327296199774,-0.2050149929880767,0.2131404034710693,3.6458333333333335,4.145833333333333,1.25,1.166666666666667,2.291666666666667,-3.458333333333333,0.41666666666666674,0.47916666666666674,-0.8958333333333333,0.3125,0.625,-0.9375,0.6319444444444446,1.1319444444444442,-1.7638888888888888
3,3_64,64,625.04,581.25,608.52,653.1923076923077,579.125,628.5769230769231,3.4375,3.5,4.25,3.875,3.875,5.0,3.875,3.75,4.4375,21,female,right,1048.100917431193,28,20,-2,402.55854449741696,0.2678263585186876,0.2025425585897919,-0.0177873878434665,3.7291666666666665,4.020833333333333,4.25,-0.2916666666666665,0.14583333333333348,0.14583333333333348,-0.20833333333333348,0.04166666666666652,0.16666666666666652,-0.3125,-0.125,0.4375,-0.2708333333333335,0.020833333333333037,0.25
3,3_65,65,443.3928571428572,469.2592592592592,456.6,498.68,482.8461538461539,438.2592592592592,3.1875,3.1875,3.25,2.0,2.0,2.0625,2.1875,2.1875,2.125,29,male,right,346.1981981981982,55,-18,14,-299.34417473557784,0.7234821894405565,-0.2425356971781751,0.1425408013733763,3.2083333333333335,2.1666666666666665,2.0208333333333335,0.7291666666666665,-0.2708333333333335,-0.4583333333333335,0.7291666666666665,-0.2708333333333335,-0.4583333333333335,0.7708333333333335,-0.3541666666666665,-0.4166666666666665,0.7430555555555554,-0.2986111111111116,-0.44444444444444464
3,3_66,66,440.7857142857143,507.88,450.24,440.8,460.75,447.448275862069,3.5625,3.5625,3.75,3.0625,3.0,4.0,4.125,4.125,4.5625,24,female,right,400.75,0,-3,-47,-244.79237293377605,0.0001993001533493,-0.0377514829292944,-0.6712208133660773,3.625,4.270833333333333,3.3541666666666665,-0.02083333333333348,0.5416666666666665,-0.5208333333333335,0.0,0.5625,-0.5625,-0.35416666666666696,0.45833333333333304,-0.10416666666666696,-0.125,0.520833333333333,-0.3958333333333335
3,3_67,67,629.36,596.48,633.5384615384615,620.6,598.3461538461538,647.7692307692307,2.25,2.25,2.25,1.5625,1.5,1.5,2.1875,2.1875,2.1875,49,female,right,732.4678899082569,-9,14,2,86.92551697448084,-0.0886236284238103,0.1345066766801628,0.0167603200380914,2.25,2.1875,1.5208333333333333,0.25,0.1875,-0.4375,0.27083333333333326,0.20833333333333326,-0.47916666666666674,0.27083333333333326,0.20833333333333326,-0.47916666666666674,0.26388888888888906,0.20138888888888906,-0.4652777777777777
