sub;congruent.consistent;congruent.control;congruent.inconsistent;incongruent.consistent;incongruent.control;incongruent.inconsistent;diff_consistent;diff_control;diff_inconsistent;consistent.caused;consistent.controled;consistent.predicted;control.caused;control.controled;control.predicted;inconsistent.caused;inconsistent.controled;inconsistent.predicted;AC_action_start_time;NAC_action_start_time
2;743.851851851852;644.653846153846;793.166666666667;825.185185185185;675.363636363636;802.380952380952;81.333333333333;30.709790209790;9.214285714286;2.8125;2.0625;5.5;2.25;2.3125;5.75;2.625;2.25;6.3125;840.74;439.63
4;422.040000000000;428.653846153846;442.176470588235;447.875000000000;450.076923076923;449.928571428571;25.835000000000;21.423076923077;7.752100840336;4.4375;4.25;6.375;2.9375;3.125;4.625;3.125;3.1875;3.25;347.65;439.02
5;497.344827586207;465.962962962963;526.052631578947;530.375000000000;481.851851851852;518.843750000000;33.030172413793;15.888888888889;-7.208881578947;4.125;4.0625;6;1.1875;1.4375;3.375;1.125;1.1875;2;406.34;453.95
7;523.818181818182;542.222222222222;588.464285714286;585.703703703704;552.840000000000;555.545454545455;61.885521885522;10.617777777778;-32.918831168831;4.375;1.625;3.8125;1;1;1;5.4375;1.4375;1.4375;447.88;449.41
9;516.000000000000;530.444444444444;593.952380952381;560.692307692308;629.681818181818;592.037037037037;44.692307692308;99.237373737374;-1.915343915344;6.5;3.6875;4.25;5.1875;1.625;2.6875;6.1875;1.25;1.625;281.45;451.00
11;442.826086956522;430.560000000000;412.666666666667;443.416666666667;504.619047619048;429.826086956522;0.590579710145;74.059047619048;17.159420289855;6;5.9375;6.125;1.5625;1.1875;1.8125;3.625;3.5625;2.625;553.76;458.14
12;681.000000000000;709.520000000000;685.535714285714;666.285714285714;710.076923076923;652.857142857143;-14.714285714286;0.556923076923;-32.678571428571;3.625;3.5;4.0625;1.4375;1.125;1.4375;3.75;2.9375;3;520.97;436.07
13;433.142857142857;440.000000000000;406.840000000000;462.041666666667;440.518518518519;432.962962962963;28.898809523810;0.518518518519;26.122962962963;6.6875;1.6875;6.375;1.25;1.375;4.9375;6.9375;1.125;1.1875;410.87;450.32
14;493.857142857143;522.629629629630;533.566666666667;520.064516129032;516.280000000000;528.375000000000;26.207373271890;-6.349629629630;-5.191666666667;6.1875;5.9375;4.875;1;1;1;5.5;3.625;5;355.70;454.14
16;477.962962962963;533.846153846154;457.680000000000;484.800000000000;521.545454545455;499.370370370370;6.837037037037;-12.300699300699;41.690370370370;3.9375;3.875;3.875;2.6875;1.375;1.9375;3.5625;3.4375;4;420.66;445.18
18;505.730769230769;656.541666666667;515.680000000000;594.416666666667;624.590909090909;549.076923076923;88.685897435897;-31.950757575758;33.396923076923;7;7;6.9375;6.9375;7;7;6.9375;6.9375;6.9375;489.04;444.45
20;531.520000000000;631.625000000000;534.208333333333;562.160000000000;651.160000000000;561.730769230769;30.640000000000;19.535000000000;27.522435897436;6.75;6.4375;6.8125;1;1;3.5;3.5625;2.5;1.6875;691.55;439.68
22;526.720000000000;564.880000000000;522.923076923077;598.360000000000;568.760000000000;560.964285714286;71.640000000000;3.880000000000;38.041208791209;3.1875;4.125;3.0625;1.1875;1;1;3.3125;3.875;2.8125;325.04;447.96
23;604.260869565217;678.157894736842;569.666666666667;541.520000000000;640.227272727273;605.680000000000;-62.740869565217;-37.930622009569;36.013333333333;4;4;4;4;4;4;4;4;4;1622.31;459.16
24;548.545454545455;494.700000000000;527.842105263158;525.481481481482;536.434782608696;555.419354838710;-23.063973063973;41.734782608696;27.577249575552;6.625;6.625;5.875;1;1;1;1;1;1;374.16;447.50
25;612.160000000000;648.840000000000;558.666666666667;569.478260869565;672.272727272727;582.227272727273;-42.681739130435;23.432727272727;23.560606060606;6.4375;1.25;1.125;1.375;1;1;6.625;1;1;686.04;447.11
26;381.500000000000;393.592592592593;378.920000000000;411.592592592593;420.500000000000;389.653846153846;30.092592592593;26.907407407407;10.733846153846;5.1875;5.0625;5.0625;1;1;2.25;1.0625;1.0625;1.3125;252.29;451.93
27;503.695652173913;585.307692307692;507.260869565217;477.086956521739;560.680000000000;483.200000000000;-26.608695652174;-24.627692307692;-24.060869565217;6.1875;2.375;3.3125;2.8125;1.375;3.25;5.875;1.375;1.625;1370.20;447.16
28;384.555555555556;398.760000000000;413.090909090909;412.235294117647;410.307692307692;412.903225806452;27.679738562092;11.547692307692;-0.187683284457;7;7;7;1.375;1.375;1.375;1;1;1;301.81;445.52
29;467.357142857143;491.038461538462;465.687500000000;459.625000000000;555.884615384615;539.954545454545;-7.732142857143;64.846153846154;74.267045454546;7;6.4375;6.5;1;1;2.3125;1;1;2.4375;1178.61;443.16
30;511.153846153846;484.857142857143;504.916666666667;478.608695652174;476.909090909091;514.125000000000;-32.545150501672;-7.948051948052;9.208333333333;5.1875;5.25;5.1875;2.5;2.5;2.5;3;3;3;505.59;442.80
31;473.041666666667;495.625000000000;493.440000000000;427.080000000000;471.130434782609;564.760000000000;-45.961666666667;-24.494565217391;71.320000000000;6;2;3.125;2.1875;2;2.125;5.5625;2;2.625;269.97;433.88
32;528.560000000000;491.000000000000;578.391304347826;542.960000000000;506.280000000000;569.964285714286;14.400000000000;15.280000000000;-8.427018633540;4.5625;2.375;2.375;1.9375;1.9375;2.3125;4.625;2.5625;2.5;402.36;442.93
33;386.034482758621;380.642857142857;402.464285714286;394.916666666667;429.259259259259;395.956521739130;8.882183908046;48.616402116402;-6.507763975155;6.625;6.125;5.3125;1.1875;1;1.875;5.8125;2.8125;3.1875;287.29;444.16
34;343.190476190476;339.923076923077;357.259259259259;374.160000000000;383.347826086957;343.681818181818;30.969523809524;43.424749163880;-13.577441077441;5.6875;2.9375;3.9375;1.125;1;4.0625;5.125;1.9375;3.5;275.38;429.23
35;419.000000000000;422.925925925926;468.884615384615;429.695652173913;479.375000000000;478.080000000000;10.695652173913;56.449074074074;9.195384615385;6;3.5625;5.6875;1.9375;1.9375;4.625;6.0625;2.1875;5.5;289.42;458.16
36;478.095238095238;478.173913043478;445.500000000000;490.310344827586;469.434782608696;494.500000000000;12.215106732348;-8.739130434783;49.000000000000;5.875;5.6875;5;1.375;1.25;2.5;5.1875;4.3125;3.25;567.23;464.32
37;659.629629629630;704.750000000000;656.407407407407;651.040000000000;690.720000000000;631.080000000000;-8.589629629630;-14.030000000000;-25.327407407407;3.9375;3.9375;3.9375;4.0625;4.0625;4.0625;3.5625;3.4375;3.5;339.33;447.20
38;532.208333333333;634.269230769231;533.200000000000;614.448275862069;556.518518518518;495.000000000000;82.239942528736;-77.750712250712;-38.200000000000;6.75;3.5;3.6875;1;1;2.8125;6.625;3;3.125;511.80;444.66
39;469.826086956522;591.090909090909;533.666666666667;502.769230769231;617.538461538462;482.962962962963;32.943143812709;26.447552447552;-50.703703703704;6.375;6.3125;6.5;1;1;1;1.125;1.125;1.125;358.79;452.16
40;576.545454545455;512.166666666667;586.875000000000;558.875000000000;522.555555555556;560.347826086957;-17.670454545455;10.388888888889;-26.527173913044;7;6.625;7;1;1;1.375;7;1;1.375;511.82;447.89
41;657.440000000000;572.304347826087;701.000000000000;660.785714285714;555.136363636364;649.884615384615;3.345714285714;-17.167984189723;-51.115384615385;6.5625;6.375;5.875;1.125;1.375;2.625;5.75;2.4375;3.625;525.99;442.89
42;596.250000000000;569.894736842105;603.555555555556;578.272727272727;581.619047619048;608.869565217391;-17.977272727273;11.724310776942;5.314009661836;5.6875;5.6875;5.125;1;1.125;1.0625;6.25;6.125;5.6875;621.73;446.45
43;399.346153846154;402.625000000000;389.280000000000;439.160000000000;483.375000000000;417.384615384615;39.813846153846;80.750000000000;28.104615384615;5.875;5.625;3.4375;1.75;1.6875;1.75;3.8125;2.8125;2.4375;1014.55;463.29
44;480.000000000000;479.592592592593;484.961538461538;508.269230769231;492.884615384615;483.769230769231;28.269230769231;13.292022792023;-1.192307692308;6.5625;2.8125;6.625;3.5625;2.625;3.875;4.75;2.375;4;570.95;458.73
46;532.333333333333;599.652173913043;541.583333333333;537.000000000000;616.772727272727;579.115384615385;4.666666666667;17.120553359684;37.532051282051;5.3125;5.25;5.3125;5.125;5.125;5.125;5.25;5.25;5.125;905.79;454.95
47;422.291666666667;475.074074074074;471.826086956522;460.551724137931;475.576923076923;462.000000000000;38.260057471264;0.502849002849;-9.826086956522;6.4375;5.3125;5.5625;1;1;4.5;5.3125;1.8125;4.75;410.60;450.18
48;492.111111111111;475.481481481481;452.148148148148;501.074074074074;502.120000000000;515.629629629630;8.962962962963;26.638518518519;63.481481481482;2.125;3.0625;4.8125;2.0625;1.9375;3.5625;1.8125;1.875;1.8125;503.04;440.11
49;569.714285714286;587.120000000000;594.333333333333;599.473684210526;655.291666666667;553.000000000000;29.759398496241;68.171666666667;-41.333333333333;6.6875;5.25;3.9375;1.6875;1.8125;2;6.75;2.125;2.125;578.38;439.39
50;399.880000000000;434.000000000000;401.290322580645;434.000000000000;433.592592592593;427.619047619048;34.120000000000;-0.407407407407;26.328725038402;7;7;7;1;1;3.5;6.75;1;1;327.24;448.79
51;628.103448275862;811.703703703704;621.857142857143;627.363636363636;723.739130434783;655.193548387097;-0.739811912226;-87.964573268921;33.336405529954;6.375;6.375;5.75;1.3125;1;1.625;6.0625;5.9375;4.75;1042.49;462.05
52;423.928571428571;462.000000000000;443.125000000000;420.583333333333;490.692307692308;432.555555555556;-3.345238095238;28.692307692308;-10.569444444445;7;1.1875;2.1875;1;1;1.375;6.625;1;1;574.33;448.73
53;425.391304347826;488.750000000000;458.740740740741;455.153846153846;448.423076923077;442.666666666667;29.762541806020;-40.326923076923;-16.074074074074;4.9375;4.875;5.375;1.1875;1.125;4.1875;1.9375;2;4.0625;417.37;462.23
54;599.166666666667;640.296296296296;654.760000000000;627.357142857143;627.846153846154;594.440000000000;28.190476190476;-12.450142450143;-60.320000000000;7;4.5625;5.875;1;1;4;5.9375;1.375;2.875;312.37;446.29
55;641.210526315789;550.280000000000;586.840000000000;656.100000000000;625.080000000000;634.142857142857;14.889473684211;74.800000000000;47.302857142857;5;1.125;2.25;1.0625;1;1;6.25;1.375;1;571.79;453.79
